k__Bacteria;p__Firmicutes;c__Clostridia;o__Clostridiales;f__Lachnospiraceae;g__Lachnospira,k__Bacteria;p__Synergistetes;c__Synergistia;o__Synergistales;f__Synergistaceae;g__Cloacibacillus,k__Bacteria;p__Actinobacteria;c__Actinobacteria;o__Actinomycetales;f__Brevibacteriaceae;g__Brevibacterium,k__Bacteria;p__Proteobacteria;c__Betaproteobacteria;o__Burkholderiales;f__Oxalobacteraceae;g__Oxalobacter,k__Bacteria;p__Firmicutes;c__Clostridia;o__Clostridiales;f__Tissierellaceae;g__Parvimonas,k__Bacteria;p__Firmicutes;c__Bacilli;o__Lactobacillales;f__Leuconostocaceae;g__Weissella,k__Bacteria;p__Firmicutes;c__Erysipelotrichi;o__Erysipelotrichales;f__Erysipelotrichaceae;g__Coprobacillus,k__Bacteria;p__Firmicutes;c__Clostridia;o__Clostridiales;f__Christensenellaceae;g__Christensenella,k__Bacteria;p__Firmicutes;c__Clostridia;o__Clostridiales;f__Lachnospiraceae;g__Coprococcus,k__Bacteria;p__Firmicutes;c__Clostridia;o__Clostridiales;f__Ruminococcaceae;g__Clostridium,k__Bacteria;p__Firmicutes;c__Clostridia;o__Clostridiales;f__Tissierellaceae;g__WAL_1855D,k__Bacteria;p__Actinobacteria;c__Coriobacteriia;o__Coriobacteriales;f__Coriobacteriaceae;g__Collinsella,k__Bacteria;p__Firmicutes;c__Clostridia;o__Clostridiales;f__Ruminococcaceae;g__Gemmiger,k__Bacteria;p__Actinobacteria;c__Actinobacteria;o__Bifidobacteriales;f__Bifidobacteriaceae;g__Bifidobacterium,k__Bacteria;p__Firmicutes;c__Clostridia;o__Clostridiales;f__Tissierellaceae;g__Anaerococcus,k__Bacteria;p__Firmicutes;c__Erysipelotrichi;o__Erysipelotrichales;f__Erysipelotrichaceae;g__Catenibacterium,k__Bacteria;p__Firmicutes;c__Clostridia;o__Clostridiales;f__Ruminococcaceae;g__Oscillospira,k__Bacteria;p__Firmicutes;c__Clostridia;o__Clostridiales;f__Veillonellaceae;g__Phascolarctobacterium,k__Bacteria;p__Firmicutes;c__Clostridia;o__Clostridiales;f__Eubacteriaceae;g__Anaerofustis,k__Bacteria;p__Firmicutes;c__Clostridia;o__Clostridiales;f__Veillonellaceae;g__Veillonella,k__Bacteria;p__Actinobacteria;c__Actinobacteria;o__Actinomycetales;f__Actinomycetaceae;g__Actinomyces,k__Bacteria;p__Firmicutes;c__Clostridia;o__Clostridiales;f__Mogibacteriaceae;g__Mogibacterium,k__Bacteria;p__Firmicutes;c__Clostridia;o__Clostridiales;f__Lachnospiraceae;g__Moryella,k__Bacteria;p__Firmicutes;c__Bacilli;o__Lactobacillales;f__Streptococcaceae;g__Lactococcus,k__Bacteria;p__Firmicutes;c__Clostridia;o__Clostridiales;f__Lachnospiraceae;g__Ruminococcus,k__Bacteria;p__Firmicutes;c__Clostridia;o__Clostridiales;f__Lachnospiraceae;g__Oribacterium,k__Bacteria;p__Actinobacteria;c__Actinobacteria;o__Actinomycetales;f__Actinomycetaceae;g__Mobiluncus,k__Bacteria;p__Proteobacteria;c__Gammaproteobacteria;o__Enterobacteriales;f__Enterobacteriaceae;g__Proteus,k__Bacteria;p__Actinobacteria;c__Actinobacteria;o__Actinomycetales;f__Corynebacteriaceae;g__Corynebacterium,k__Bacteria;p__Firmicutes;c__Clostridia;o__Clostridiales;f__Tissierellaceae;g__1-68,k__Bacteria;p__Firmicutes;c__Clostridia;o__Clostridiales;f__Tissierellaceae;g__Gallicola,k__Bacteria;p__Bacteroidetes;c__Bacteroidia;o__Bacteroidales;f__Paraprevotellaceae;g__Paraprevotella,k__Bacteria;p__Actinobacteria;c__Coriobacteriia;o__Coriobacteriales;f__Coriobacteriaceae;g__Atopobium,k__Bacteria;p__Proteobacteria;c__Gammaproteobacteria;o__Pseudomonadales;f__Pseudomonadaceae;g__Pseudomonas,k__Bacteria;p__Proteobacteria;c__Gammaproteobacteria;o__Xanthomonadales;f__Xanthomonadaceae;g__Stenotrophomonas,k__Bacteria;p__Firmicutes;c__Bacilli;o__Lactobacillales;f__Lactobacillaceae;g__Lactobacillus,k__Bacteria;p__Firmicutes;c__Clostridia;o__Clostridiales;f__Lachnospiraceae;g__Blautia,k__Bacteria;p__Firmicutes;c__Clostridia;o__Clostridiales;f__Veillonellaceae;g__Acidaminococcus,k__Bacteria;p__Bacteroidetes;c__Bacteroidia;o__Bacteroidales;f__Bacteroidaceae;g__Bacteroides,k__Bacteria;p__Firmicutes;c__Clostridia;o__Clostridiales;f__Ruminococcaceae;g__Subdoligranulum,k__Bacteria;p__Firmicutes;c__Clostridia;o__Clostridiales;f__Dehalobacteriaceae;g__Dehalobacterium,k__Bacteria;p__Firmicutes;c__Clostridia;o__Clostridiales;f__Peptococcaceae;g__rc4-4,k__Bacteria;p__Firmicutes;c__Clostridia;o__Clostridiales;f__Veillonellaceae;g__Dialister,k__Bacteria;p__Proteobacteria;c__Gammaproteobacteria;o__Pasteurellales;f__Pasteurellaceae;g__Haemophilus,k__Bacteria;p__Proteobacteria;c__Gammaproteobacteria;o__Pseudomonadales;f__Moraxellaceae;g__Acinetobacter,k__Bacteria;p__Bacteroidetes;c__Bacteroidia;o__Bacteroidales;f__Porphyromonadaceae;g__Porphyromonas,k__Bacteria;p__Firmicutes;c__Clostridia;o__Clostridiales;f__Veillonellaceae;g__Megamonas,k__Bacteria;p__Firmicutes;c__Erysipelotrichi;o__Erysipelotrichales;f__Erysipelotrichaceae;g__Eubacterium,k__Bacteria;p__Synergistetes;c__Synergistia;o__Synergistales;f__Dethiosulfovibrionaceae;g__Pyramidobacter,k__Bacteria;p__Firmicutes;c__Clostridia;o__Clostridiales;f__Clostridiaceae;g__02d06,k__Bacteria;p__Firmicutes;c__Clostridia;o__Clostridiales;f__Tissierellaceae;g__Peptoniphilus,k__Bacteria;p__Firmicutes;c__Clostridia;o__Clostridiales;f__Lachnospiraceae;g__Anaerostipes,k__Bacteria;p__Firmicutes;c__Clostridia;o__Clostridiales;f__Lachnospiraceae;g__Lachnobacterium,k__Bacteria;p__Actinobacteria;c__Coriobacteriia;o__Coriobacteriales;f__Coriobacteriaceae;g__Adlercreutzia,k__Bacteria;p__Firmicutes;c__Clostridia;o__Clostridiales;f__Lachnospiraceae;g__Dorea,k__Bacteria;p__Actinobacteria;c__Actinobacteria;o__Actinomycetales;f__Nocardiopsaceae;g__Nocardiopsis,k__Bacteria;p__Proteobacteria;c__Gammaproteobacteria;o__Enterobacteriales;f__Enterobacteriaceae;g__Serratia,k__Bacteria;p__Firmicutes;c__Clostridia;o__Clostridiales;f__Peptococcaceae;g__Peptococcus,k__Bacteria;p__Firmicutes;c__Erysipelotrichi;o__Erysipelotrichales;f__Erysipelotrichaceae;g__Bulleidia,k__Bacteria;p__Firmicutes;c__Clostridia;o__Clostridiales;f__Ruminococcaceae;g__Anaerotruncus,k__Bacteria;p__Proteobacteria;c__Deltaproteobacteria;o__Desulfovibrionales;f__Desulfovibrionaceae;g__Desulfovibrio,k__Bacteria;p__Bacteroidetes;c__Bacteroidia;o__Bacteroidales;f__Odoribacteraceae;g__Butyricimonas,k__Archaea;p__Euryarchaeota;c__Thermoplasmata;o__E2;f__Methanomassiliicoccaceae;g__Methanomassiliicoccus,k__Bacteria;p__Bacteroidetes;c__Bacteroidia;o__Bacteroidales;f__Porphyromonadaceae;g__Parabacteroides,k__Bacteria;p__Firmicutes;c__Clostridia;o__Clostridiales;f__Lachnospiraceae;g__Roseburia,k__Bacteria;p__Proteobacteria;c__Betaproteobacteria;o__Neisseriales;f__Neisseriaceae;g__Neisseria,k__Bacteria;p__Firmicutes;c__Clostridia;o__Clostridiales;f__Clostridiaceae;g__Clostridium,k__Bacteria;p__Bacteroidetes;c__Bacteroidia;o__Bacteroidales;f__Prevotellaceae;g__Prevotella,k__Bacteria;p__Firmicutes;c__Bacilli;o__Lactobacillales;f__Streptococcaceae;g__Streptococcus,k__Bacteria;p__Synergistetes;c__Synergistia;o__Synergistales;f__Synergistaceae;g__Synergistes,k__Bacteria;p__Bacteroidetes;c__Bacteroidia;o__Bacteroidales;f__Rikenellaceae;g__human,k__Bacteria;p__Firmicutes;c__Clostridia;o__Clostridiales;f__Veillonellaceae;g__Megasphaera,k__Bacteria;p__Firmicutes;c__Clostridia;o__Clostridiales;f__Eubacteriaceae;g__Pseudoramibacter_Eubacterium,k__Bacteria;p__Firmicutes;c__Clostridia;o__Clostridiales;f__Ruminococcaceae;g__Ruminococcus,k__Bacteria;p__Bacteroidetes;c__Bacteroidia;o__Bacteroidales;f__Paraprevotellaceae;g__Prevotella,k__Bacteria;p__Bacteroidetes;c__Bacteroidia;o__Bacteroidales;f__Rikenellaceae;g__Alistipes,k__Bacteria;p__Proteobacteria;c__Deltaproteobacteria;o__Desulfovibrionales;f__Desulfovibrionaceae;g__Bilophila,k__Bacteria;p__Firmicutes;c__Erysipelotrichi;o__Erysipelotrichales;f__Erysipelotrichaceae;g__Clostridium,k__Bacteria;p__Actinobacteria;c__Actinobacteria;o__Actinomycetales;f__Micrococcaceae;g__Rothia,k__Archaea;p__Euryarchaeota;c__Methanobacteria;o__Methanobacteriales;f__Methanobacteriaceae;g__Methanobrevibacter,k__Bacteria;p__Firmicutes;c__Bacilli;o__Turicibacterales;f__Turicibacteraceae;g__Turicibacter,k__Bacteria;p__Firmicutes;c__Clostridia;o__Clostridiales;f__Peptostreptococcaceae;g__Peptostreptococcus,k__Bacteria;p__Proteobacteria;c__Gammaproteobacteria;o__Pasteurellales;f__Pasteurellaceae;g__Aggregatibacter,k__Bacteria;p__Bacteroidetes;c__Bacteroidia;o__Bacteroidales;f__Odoribacteraceae;g__Odoribacter,k__Bacteria;p__Firmicutes;c__Clostridia;o__Clostridiales;f__Ruminococcaceae;g__Anaerofilum,k__Bacteria;p__Actinobacteria;c__Coriobacteriia;o__Coriobacteriales;f__Coriobacteriaceae;g__Eggerthella,k__Bacteria;p__Actinobacteria;c__Coriobacteriia;o__Coriobacteriales;f__Coriobacteriaceae;g__Slackia,k__Bacteria;p__Firmicutes;c__Clostridia;o__Clostridiales;f__Tissierellaceae;g__Finegoldia,k__Bacteria;p__Actinobacteria;c__Actinobacteria;o__Actinomycetales;f__Actinomycetaceae;g__Varibaculum,k__Bacteria;p__Firmicutes;c__Clostridia;o__Clostridiales;f__Tissierellaceae;g__ph2,k__Bacteria;p__Firmicutes;c__Clostridia;o__Clostridiales;f__Lachnospiraceae;g__Shuttleworthia,k__Bacteria;p__Firmicutes;c__Clostridia;o__Clostridiales;f__Ruminococcaceae;g__Faecalibacterium,k__Bacteria;p__Firmicutes;c__Clostridia;o__Clostridiales;f__Lachnospiraceae;g__Clostridium,k__Bacteria;p__Proteobacteria;c__Epsilonproteobacteria;o__Campylobacterales;f__Campylobacteraceae;g__Campylobacter,k__Bacteria;p__Firmicutes;c__Bacilli;o__Bacillales;f__Bacillaceae;g__Geobacillus,k__Bacteria;p__Proteobacteria;c__Betaproteobacteria;o__Burkholderiales;f__Alcaligenaceae;g__Sutterella,k__Bacteria;p__Firmicutes;c__Erysipelotrichi;o__Erysipelotrichales;f__Erysipelotrichaceae;g__cc_115,k__Bacteria;p__Firmicutes;c__Clostridia;o__Clostridiales;f__Lachnospiraceae;g__Butyrivibrio,k__Bacteria;p__Firmicutes;c__Erysipelotrichi;o__Erysipelotrichales;f__Erysipelotrichaceae;g__Holdemania,k__Bacteria;p__Firmicutes;c__Bacilli;o__Lactobacillales;f__Aerococcaceae;g__Facklamia
5.4927185999659685,-7.381496467134584,-7.381496467134584,-7.381496467134584,8.018447244274139,-7.381496467134584,-7.381496467134584,-7.381496467134584,9.810206713502263,5.4927185999659685,7.1021565123998815,-7.381496467134584,6.59133088863355,12.28786493456545,6.879012961085543,-7.381496467134584,9.923535398809271,-7.381496467134584,-7.381496467134584,-7.381496467134584,7.438628749021241,-7.381496467134584,-7.381496467134584,-7.381496467134584,12.172317785810348,-7.381496467134584,-7.381496467134584,-7.381496467134584,8.731397052130273,5.898183708074132,-7.381496467134584,-7.381496467134584,6.74548156846093,7.438628749021241,-7.381496467134584,6.879012961085543,8.842622687240539,-7.381496467134584,14.686319647937852,5.898183708074132,-7.381496467134584,-7.381496467134584,7.744010398572249,-7.381496467134584,6.74548156846093,-7.381496467134584,-7.381496467134584,7.572160141645489,-7.381496467134584,-7.381496467134584,7.284478069193922,-7.381496467134584,-7.381496467134584,6.185865780525914,9.535769867800484,-7.381496467134584,-7.381496467134584,-7.381496467134584,-7.381496467134584,-7.381496467134584,-7.381496467134584,-7.381496467134584,-7.381496467134584,11.032019435956538,8.4884508735199,5.4927185999659685,5.898183708074132,8.38309035786203,8.437157579132329,-7.381496467134584,6.409009331840123,7.744010398572249,-7.381496467134584,10.718465273679165,5.4927185999659685,9.374282397909361,7.632784763461962,10.40904321459097,5.898183708074132,-7.381496467134584,7.507621620508217,-7.381496467134584,-7.381496467134584,11.045678184887585,-7.381496467134584,8.58376105332426,-7.381496467134584,5.4927185999659685,-7.381496467134584,-7.381496467134584,-7.381496467134584,7.844093857129283,13.268204420206883,5.898183708074132,-7.381496467134584,5.4927185999659685,5.898183708074132,-7.381496467134584,-7.381496467134584,-7.381496467134584
3.453930166861234,-10.834931840271375,-10.834931840271375,-10.834931840271375,2.355317878193425,-10.834931840271375,4.02929431176503,3.3361471312050845,9.415508080219317,2.355317878193425,6.0850193268276005,8.589074795454376,6.035829082636843,9.085938127068907,6.068889944897706,-10.834931840271375,7.10890806929978,7.777326717084006,2.8661435019594155,6.843954247925559,6.380669568928575,4.867623502169493,7.678327857331825,3.559290682518874,8.355907333078406,1.2567055895253159,5.106853191235352,-10.834931840271375,7.058823964902378,3.8957629191404077,-10.834931840271375,3.202615738580061,3.7416122393130156,-10.834931840271375,2.6429999506452067,8.455636830213486,10.372845166102671,-10.834931840271375,9.315032896106272,4.2524378630791,-10.834931840271375,-10.834931840271375,6.205465479903462,2.6429999506452067,2.6429999506452067,3.7416122393130156,-10.834931840271375,4.02929431176503,5.699356846015574,5.106853191235352,7.2506670168318825,-10.834931840271375,-10.834931840271375,4.2524378630791,6.503729661685787,-10.834931840271375,-10.834931840271375,-10.834931840271375,2.8661435019594155,-10.834931840271375,-10.834931840271375,-10.834931840271375,-10.834931840271375,8.326579717983888,8.539466769130906,-10.834931840271375,7.645266995070943,4.588910099700353,8.621885715546327,-10.834931840271375,-10.834931840271375,8.432195303149534,-10.834931840271375,6.17668651535344,4.624001419511747,7.696055960625412,5.547165030673688,6.293658191938924,3.8957629191404077,1.9498527700852613,7.49698143469608,2.6429999506452067,-10.834931840271375,1.9498527700852613,-10.834931840271375,6.124240039980886,-10.834931840271375,7.012447803112223,5.063368079295584,3.3361471312050845,-10.834931840271375,8.731477771923185,9.14278699130106,-10.834931840271375,-10.834931840271375,4.02929431176503,-10.834931840271375,-10.834931840271375,4.02929431176503,-10.834931840271375
9.908304033752113,-6.685043778539789,-6.685043778539789,-6.685043778539789,-6.685043778539789,-6.685043778539789,6.995953369137183,-6.685043778539789,11.100248262212439,6.485127745371193,-6.685043778539789,9.170705090621277,10.049954550815142,8.71871996687809,-6.685043778539789,-6.685043778539789,12.751062470958724,13.400520451482539,-6.685043778539789,6.7728098178229725,-6.685043778539789,-6.685043778539789,12.867507619572606,-6.685043778539789,9.805356064499673,11.10682723331049,-6.685043778539789,-6.685043778539789,7.4659569983827225,-6.685043778539789,-6.685043778539789,12.036794505290503,6.079662637263029,8.605391281571144,-6.685043778539789,5.3865154567030835,11.436248911935033,-6.685043778539789,15.095507651513547,6.485127745371193,-6.685043778539789,-6.685043778539789,-6.685043778539789,-6.685043778539789,-6.685043778539789,-6.685043778539789,-6.685043778539789,8.522009672632223,-6.685043778539789,-6.685043778539789,-6.685043778539789,8.477557910061332,-6.685043778539789,7.583740034039264,11.086959030093759,-6.685043778539789,-6.685043778539789,-6.685043778539789,-6.685043778539789,6.995953369137183,-6.685043778539789,9.829166713193356,-6.685043778539789,11.705483570449514,12.609811136265396,-6.685043778539789,6.079662637263029,15.377647519091257,8.522009672632223,-6.685043778539789,-6.685043778539789,-6.685043778539789,-6.685043778539789,9.024101616429348,-6.685043778539789,12.476592292479173,10.113903275415392,-6.685043778539789,-6.685043778539789,-6.685043778539789,-6.685043778539789,-6.685043778539789,-6.685043778539789,10.1401056478094,-6.685043778539789,6.079662637263029,8.025572786317941,-6.685043778539789,-6.685043778539789,-6.685043778539789,-6.685043778539789,12.47908917267776,10.568299006995147,-6.685043778539789,-6.685043778539789,-6.685043778539789,-6.685043778539789,-6.685043778539789,6.995953369137183,-6.685043778539789
-4.403434571802983,-4.403434571802983,-4.403434571802983,-4.403434571802983,-4.403434571802983,-4.403434571802983,-4.403434571802983,-4.403434571802983,12.253556744635887,-4.403434571802983,-4.403434571802983,-4.403434571802983,-4.403434571802983,12.301412765813533,8.321731111911609,-4.403434571802983,13.057929560306082,-4.403434571802983,-4.403434571802983,13.68770712693345,-4.403434571802983,-4.403434571802983,-4.403434571802983,-4.403434571802983,15.019382453087339,-4.403434571802983,-4.403434571802983,9.825808508687407,-4.403434571802983,-4.403434571802983,-4.403434571802983,8.321731111911609,-4.403434571802983,10.995879761338118,-4.403434571802983,8.321731111911609,15.6312780936356,-4.403434571802983,18.298585290443718,9.708025473030942,-4.403434571802983,-4.403434571802983,14.840140664665462,-4.403434571802983,-4.403434571802983,-4.403434571802983,-4.403434571802983,12.45689766865396,-4.403434571802983,-4.403434571802983,-4.403434571802983,-4.403434571802983,-4.403434571802983,-4.403434571802983,-4.403434571802983,-4.403434571802983,-4.403434571802983,-4.403434571802983,-4.403434571802983,-4.403434571802983,-4.403434571802983,-4.403434571802983,-4.403434571802983,16.33523978771322,-4.403434571802983,-4.403434571802983,-4.403434571802983,8.321731111911609,8.321731111911609,-4.403434571802983,-4.403434571802983,-4.403434571802983,-4.403434571802983,12.709988296336089,-4.403434571802983,10.573022910517977,12.253556744635887,12.08293122760515,-4.403434571802983,-4.403434571802983,11.848091636527695,-4.403434571802983,-4.403434571802983,-4.403434571802983,-4.403434571802983,11.029781313013807,-4.403434571802983,-4.403434571802983,-4.403434571802983,-4.403434571802983,-4.403434571802983,8.727196220019772,15.244867492932046,10.96078844152684,-4.403434571802983,-4.403434571802983,-4.403434571802983,-4.403434571802983,-4.403434571802983,-4.403434571802983
11.1991525723044,-5.524844477464731,-5.524844477464731,-5.524844477464731,-5.524844477464731,8.634203214842591,-5.524844477464731,7.786905354455674,12.025831145488878,7.786905354455674,-5.524844477464731,10.93678830783692,6.688293065787564,12.689707943748708,-5.524844477464731,-5.524844477464731,10.377172519901444,12.882698456892234,-5.524844477464731,-5.524844477464731,-5.524844477464731,-5.524844477464731,8.885517643123576,-5.524844477464731,9.253242423248977,-5.524844477464731,-5.524844477464731,-5.524844477464731,8.990878158781182,-5.524844477464731,-5.524844477464731,-5.524844477464731,-5.524844477464731,-5.524844477464731,-5.524844477464731,8.074587426907454,12.385386552292953,-5.524844477464731,14.669684647367632,9.86634689613537,-5.524844477464731,-5.524844477464731,7.786905354455674,-5.524844477464731,-5.524844477464731,-5.524844477464731,-5.524844477464731,-5.524844477464731,-5.524844477464731,-5.524844477464731,-5.524844477464731,-5.524844477464731,-5.524844477464731,8.074587426907454,8.885517643123576,-5.524844477464731,-5.524844477464731,-5.524844477464731,-5.524844477464731,-5.524844477464731,-5.524844477464731,8.074587426907454,-5.524844477464731,12.354719753899987,12.361616332959048,-5.524844477464731,-5.524844477464731,9.086188338585778,8.634203214842591,-5.524844477464731,-5.524844477464731,-5.524844477464731,-5.524844477464731,11.74453887113586,7.381440246347509,12.33373996343079,10.799166929960823,7.381440246347509,-5.524844477464731,-5.524844477464731,-5.524844477464731,-5.524844477464731,-5.524844477464731,10.351854711917088,-5.524844477464731,7.786905354455674,-5.524844477464731,7.381440246347509,-5.524844477464731,-5.524844477464731,-5.524844477464731,12.279280046298414,10.377172519901444,-5.524844477464731,-5.524844477464731,-5.524844477464731,7.381440246347509,-5.524844477464731,-5.524844477464731,-5.524844477464731
10.360728516037344,-7.403105117460832,-7.403105117460832,-7.403105117460832,5.806851624436822,-7.403105117460832,6.905463913104818,-7.403105117460832,10.848123887994966,5.806851624436822,-7.403105117460832,-7.403105117460832,10.924845436853571,5.806851624436822,-7.403105117460832,-7.403105117460832,10.971637598360337,-7.403105117460832,-7.403105117460832,7.75276177349202,5.4013865163286585,-7.403105117460832,9.814184809669278,5.4013865163286585,9.371678429880735,-7.403105117460832,-7.403105117460832,6.094533696888604,6.654149484823387,-7.403105117460832,-7.403105117460832,-7.403105117460832,5.4013865163286585,5.806851624436822,-7.403105117460832,6.787680877448205,11.778113464227282,-7.403105117460832,15.271343138155842,6.499998804996652,-7.403105117460832,-7.403105117460832,9.712185641714154,5.4013865163286585,-7.403105117460832,-7.403105117460832,-7.403105117460832,6.787680877448205,-7.403105117460832,-7.403105117460832,-7.403105117460832,7.75276177349202,-7.403105117460832,5.806851624436822,8.851374062160218,-7.403105117460832,-7.403105117460832,-7.403105117460832,-7.403105117460832,7.347296665383725,8.912931955159673,-7.403105117460832,-7.403105117460832,12.883505439880773,12.032729315117244,-7.403105117460832,6.499998804996652,11.980637728338758,9.795835671001083,-7.403105117460832,-7.403105117460832,8.819113199941938,-7.403105117460832,10.952406236432449,-7.403105117460832,11.714028355022213,10.528322266121062,8.142226540253802,-7.403105117460832,-7.403105117460832,5.4013865163286585,-7.403105117460832,-7.403105117460832,9.038972676055025,-7.403105117460832,7.416289536870808,-7.403105117460832,-7.403105117460832,-7.403105117460832,-7.403105117460832,-7.403105117460832,10.765023348997328,9.745191938182309,-7.403105117460832,-7.403105117460832,5.4013865163286585,5.4013865163286585,-7.403105117460832,5.806851624436822,-7.403105117460832
-4.652832949538492,-4.652832949538492,-4.652832949538492,-4.652832949538492,-4.652832949538492,-4.652832949538492,12.1924838623135,-4.652832949538492,14.469751147323278,-4.652832949538492,-4.652832949538492,10.806189501193561,13.360089022468578,-4.652832949538492,-4.652832949538492,-4.652832949538492,13.542410579262532,-4.652832949538492,-4.652832949538492,-4.652832949538492,-4.652832949538492,-4.652832949538492,13.79475328526901,-4.652832949538492,14.00194290864098,12.867612537370775,-4.652832949538492,-4.652832949538492,-4.652832949538492,-4.652832949538492,-4.652832949538492,-4.652832949538492,-4.652832949538492,-4.652832949538492,-4.652832949538492,-4.652832949538492,15.56958369239662,-4.652832949538492,17.990926955205254,-4.652832949538492,-4.652832949538492,-4.652832949538492,12.75209965024893,10.652038821366368,-4.652832949538492,-4.652832949538492,-4.652832949538492,-4.652832949538492,-4.652832949538492,-4.652832949538492,-4.652832949538492,-4.652832949538492,-4.652832949538492,-4.652832949538492,11.568329553240522,-4.652832949538492,-4.652832949538492,-4.652832949538492,-4.652832949538492,-4.652832949538492,-4.652832949538492,-4.652832949538492,-4.652832949538492,15.401309351328223,12.987413737183411,-4.652832949538492,11.345186001926312,10.469717264572232,10.24657371325809,-4.652832949538492,-4.652832949538492,-4.652832949538492,-4.652832949538492,11.345186001926312,-4.652832949538492,13.019162435497977,-4.652832949538492,11.057503929474532,-4.652832949538492,-4.652832949538492,-4.652832949538492,9.958891640806423,10.469717264572232,-4.652832949538492,-4.652832949538492,10.469717264572232,-4.652832949538492,-4.652832949538492,-4.652832949538492,-4.652832949538492,-4.652832949538492,15.79856383615528,12.261476733800468,-4.652832949538492,-4.652832949538492,-4.652832949538492,-4.652832949538492,-4.652832949538492,11.2581746249366,-4.652832949538492
12.06377465193608,-5.225802710923201,-5.225802710923201,-5.225802710923201,-5.225802710923201,-5.225802710923201,9.866550074599736,-5.225802710923201,13.988293611010095,10.377375698365784,-5.225802710923201,-5.225802710923201,-5.225802710923201,-5.225802710923201,-5.225802710923201,-5.225802710923201,11.96661090348244,-5.225802710923201,-5.225802710923201,-5.225802710923201,-5.225802710923201,-5.225802710923201,10.47268587817008,-5.225802710923201,10.71384793498702,11.406995115547026,-5.225802710923201,-5.225802710923201,-5.225802710923201,-5.225802710923201,-5.225802710923201,-5.225802710923201,-5.225802710923201,10.559697255159822,-5.225802710923201,8.767937785931348,14.240208459603245,-5.225802710923201,17.180325862981885,9.461084966491713,-5.225802710923201,-5.225802710923201,12.405523945658153,-5.225802710923201,8.767937785931348,-5.225802710923201,-5.225802710923201,10.47268587817008,-5.225802710923201,-5.225802710923201,-5.225802710923201,-5.225802710923201,-5.225802710923201,-5.225802710923201,10.78284080647395,-5.225802710923201,-5.225802710923201,-5.225802710923201,-5.225802710923201,9.866550074599736,-5.225802710923201,-5.225802710923201,-5.225802710923201,14.593937893312221,14.843283817020456,-5.225802710923201,10.154232147051658,8.767937785931348,-5.225802710923201,-5.225802710923201,-5.225802710923201,-5.225802710923201,-5.225802710923201,13.363057636066362,-5.225802710923201,13.608180094099346,11.47598798703395,8.767937785931348,-5.225802710923201,-5.225802710923201,-5.225802710923201,-5.225802710923201,-5.225802710923201,12.15232804927752,-5.225802710923201,-5.225802710923201,-5.225802710923201,-5.225802710923201,-5.225802710923201,-5.225802710923201,-5.225802710923201,14.265106011224972,12.77527097116423,-5.225802710923201,-5.225802710923201,12.585650111888675,-5.225802710923201,-5.225802710923201,9.866550074599736,-5.225802710923201
6.7060634087945585,-10.237195081536427,3.797342512229527,-10.237195081536427,-10.237195081536427,-10.237195081536427,6.030934733737252,-10.237195081536427,7.840393780064766,3.797342512229527,6.669022137114204,6.2822491620181955,-10.237195081536427,8.270884255739865,8.319131089279256,-10.237195081536427,7.971729782125843,7.940477238621747,3.391877404122054,3.391877404122054,-10.237195081536427,5.917606048430227,-10.237195081536427,-10.237195081536427,6.527371620051158,-10.237195081536427,-10.237195081536427,-10.237195081536427,8.65197355784989,7.716010060377032,6.2822491620181955,-10.237195081536427,-10.237195081536427,2.6987302235621087,-10.237195081536427,-10.237195081536427,8.315501321228677,8.93117824011263,11.83735974798429,5.743252661285528,-10.237195081536427,4.085024584681507,4.8959548008981715,3.391877404122054,4.085024584681507,6.68771427012636,-10.237195081536427,6.336316383288478,-10.237195081536427,4.8959548008981715,8.2822265323438,4.778171765241754,6.505392713332379,3.797342512229527,5.643169202728533,-10.237195081536427,-10.237195081536427,4.8959548008981715,-10.237195081536427,8.195898448855303,-10.237195081536427,-10.237195081536427,4.308168135995837,9.642817431791634,6.195237785028554,3.391877404122054,-10.237195081536427,5.917606048430227,5.99456708956637,-10.237195081536427,-10.237195081536427,8.832128266558753,5.096625496360371,9.827226169242143,-10.237195081536427,7.8462247003755605,-10.237195081536427,4.308168135995837,-10.237195081536427,6.669022137114204,-10.237195081536427,-10.237195081536427,-10.237195081536427,10.518768213020861,4.644640372617188,-10.237195081536427,-10.237195081536427,8.669992063352566,5.406780424664269,5.096625496360371,-10.237195081536427,10.275852154438786,8.79455478599433,5.406780424664269,-10.237195081536427,8.402512698218308,3.391877404122054,3.391877404122054,4.085024584681507,3.391877404122054
10.54654901538385,-7.579281088659334,-7.579281088659334,-7.579281088659334,-7.579281088659334,-7.579281088659334,-7.579281088659334,-7.579281088659334,11.148308444354367,6.499121372949473,-7.579281088659334,8.897016645747843,8.750413171555968,11.204136893907307,-7.579281088659334,10.230820824246354,10.941772629439816,10.082640311405605,5.805974192389558,-7.579281088659334,5.805974192389558,7.510722284627953,6.9045864810576365,-7.579281088659334,11.449652742976049,9.207171574051682,-7.579281088659334,-7.579281088659334,9.645426504982836,-7.579281088659334,-7.579281088659334,-7.579281088659334,-7.579281088659334,-7.579281088659334,-7.579281088659334,-7.579281088659334,11.213145963849673,7.0587371608848954,13.753829488972137,7.597733661617582,6.499121372949473,-7.579281088659334,-7.579281088659334,-7.579281088659334,-7.579281088659334,7.310051589165801,-7.579281088659334,-7.579281088659334,-7.579281088659334,8.984028022737473,-7.579281088659334,9.687537990332965,10.60999523712281,-7.579281088659334,10.688776114975921,-7.579281088659334,-7.579281088659334,-7.579281088659334,-7.579281088659334,5.805974192389558,-7.579281088659334,8.723744924473806,-7.579281088659334,11.015460345230974,12.367711821906951,-7.579281088659334,9.190364455735303,10.43583699096802,7.310051589165801,-7.579281088659334,-7.579281088659334,-7.579281088659334,-7.579281088659334,11.349196602033317,-7.579281088659334,7.192268553509418,8.750413171555968,5.112827011829612,-7.579281088659334,5.805974192389558,-7.579281088659334,-7.579281088659334,-7.579281088659334,8.003198769725746,6.722264924263682,-7.579281088659334,-7.579281088659334,-7.579281088659334,-7.579281088659334,-7.579281088659334,-7.579281088659334,14.043188895739046,10.116773317775062,5.805974192389558,-7.579281088659334,5.805974192389558,-7.579281088659334,11.479297459561046,6.211439300497723,-7.579281088659334
9.148250056322103,-8.883533041572882,-8.883533041572882,-8.883533041572882,-8.883533041572882,-8.883533041572882,5.651742494855343,-8.883533041572882,10.140378864587767,4.55313020618752,7.192187535802735,9.107007097788056,-8.883533041572882,9.61572523921448,7.885334716362681,5.651742494855343,10.469332268794954,9.706421800685293,-8.883533041572882,-8.883533041572882,-8.883533041572882,8.242009660301449,-8.883533041572882,-8.883533041572882,9.991209515110711,5.246277386747423,5.246277386747423,-8.883533041572882,9.063989712704366,-8.883533041572882,-8.883533041572882,-8.883533041572882,-8.883533041572882,7.038036855975476,-8.883533041572882,-8.883533041572882,11.916409793150558,9.298062334550758,12.388709452857485,7.548862479741468,-8.883533041572882,-8.883533041572882,6.16256811862143,-8.883533041572882,-8.883533041572882,7.325718928427258,-8.883533041572882,5.939424567307367,-8.883533041572882,7.848967072191832,8.136649144643627,6.499040355242685,-8.883533041572882,6.95102547898578,5.246277386747423,-8.883533041572882,-8.883533041572882,-8.883533041572882,-8.883533041572882,5.246277386747423,-8.883533041572882,7.920426036173976,-8.883533041572882,8.896935628041188,9.51597483644742,5.246277386747423,7.644172659545792,10.117650613510211,7.118079563648957,-8.883533041572882,-8.883533041572882,-8.883533041572882,-8.883533041572882,11.288910220429846,6.95102547898578,10.986070298926698,8.21669185231714,6.344889675415532,-8.883533041572882,-8.883533041572882,6.344889675415532,-8.883533041572882,-8.883533041572882,6.6325717478673125,5.651742494855343,7.038036855975476,-8.883533041572882,9.207090556345033,7.192187535802735,6.750354783523615,-8.883533041572882,11.190388237471977,9.683028921110589,6.6325717478673125,-8.883533041572882,-8.883533041572882,-8.883533041572882,-8.883533041572882,6.499040355242685,-8.883533041572882
10.285339355272178,-8.462599793065667,-8.462599793065667,-8.462599793065667,6.33409563669073,7.9435335491248305,5.928630528582378,-8.462599793065667,11.310829379111327,-8.462599793065667,8.413537178370566,10.205296647598644,9.346357212195937,10.776746893181068,8.949055414726946,-8.462599793065667,10.219089969730977,-8.462599793065667,-8.462599793065667,7.538068441016591,5.928630528582378,6.33409563669073,-8.462599793065667,-8.462599793065667,7.633378620820957,9.45499105319874,-8.462599793065667,-8.462599793065667,5.928630528582378,8.81900228647873,7.181393497077827,-8.462599793065667,8.17992232718908,-8.462599793065667,-8.462599793065667,11.627400461415245,12.038988605630982,11.211834257320579,13.341696250642606,5.928630528582378,-8.462599793065667,-8.462599793065667,10.09529575238431,-8.462599793065667,-8.462599793065667,8.17992232718908,-8.462599793065667,7.874540677637852,-8.462599793065667,8.493579886044088,9.394366431382316,8.790831409512055,9.483978590072,5.928630528582378,5.235483348022644,-8.462599793065667,-8.462599793065667,-8.462599793065667,-8.462599793065667,-8.462599793065667,-8.462599793065667,-8.462599793065667,-8.462599793065667,-8.462599793065667,12.304506774600902,-8.462599793065667,8.231215621576592,8.761843872638792,10.492978720050425,-8.462599793065667,-8.462599793065667,7.314924889702409,-8.462599793065667,10.47192531085259,7.538068441016591,-8.462599793065667,9.127303646133255,8.899044994152266,6.621777709142323,-8.462599793065667,-8.462599793065667,-8.462599793065667,-8.462599793065667,-8.462599793065667,-8.462599793065667,7.800432705484099,-8.462599793065667,9.746342854539487,-8.462599793065667,-8.462599793065667,-8.462599793065667,12.431420574498212,10.487756776069272,7.027242817250675,-8.462599793065667,-8.462599793065667,-8.462599793065667,-8.462599793065667,-8.462599793065667,-8.462599793065667
9.318542070425124,-7.142836456999731,-7.142836456999731,-7.142836456999731,-7.142836456999731,-7.142836456999731,-7.142836456999731,-7.142836456999731,11.000300644438886,9.254003549287557,8.337712817413326,9.913249178171824,8.743177925521492,10.129472286641477,-7.142836456999731,11.228084575309596,12.566976697534912,10.396100949895427,-7.142836456999731,-7.142836456999731,-7.142836456999731,8.155391260619371,-7.142836456999731,-7.142836456999731,13.11403125959736,-7.142836456999731,-7.142836456999731,-7.142836456999731,-7.142836456999731,7.644565636853382,-7.142836456999731,8.943848620983745,-7.142836456999731,-7.142836456999731,-7.142836456999731,-7.142836456999731,10.457976353613509,-7.142836456999731,14.499271694745817,-7.142836456999731,7.239100528745217,-7.142836456999731,-7.142836456999731,-7.142836456999731,-7.142836456999731,-7.142836456999731,-7.142836456999731,10.927979982859252,-7.142836456999731,-7.142836456999731,-7.142836456999731,-7.142836456999731,-7.142836456999731,7.239100528745217,8.491863497240585,-7.142836456999731,-7.142836456999731,-7.142836456999731,9.030859997973366,9.436325106081501,9.254003549287557,11.023290162663582,8.491863497240585,12.91242379591682,8.848538441179318,-7.142836456999731,-7.142836456999731,12.677179837668524,7.239100528745217,-7.142836456999731,-7.142836456999731,-7.142836456999731,8.848538441179318,10.889758770039059,9.185010677800612,9.541685621739319,9.185010677800612,-7.142836456999731,7.239100528745217,9.724007178533313,-7.142836456999731,-7.142836456999731,-7.142836456999731,11.501780405786645,-7.142836456999731,-7.142836456999731,-7.142836456999731,-7.142836456999731,7.932247709305162,-7.142836456999731,-7.142836456999731,11.308127282983135,11.374267085487682,-7.142836456999731,-7.142836456999731,9.724007178533313,-7.142836456999731,11.316637972651042,-7.142836456999731,-7.142836456999731
13.696958584964607,-5.8019758701337985,-5.8019758701337985,-5.8019758701337985,-5.8019758701337985,-5.8019758701337985,8.224687911292698,-5.8019758701337985,13.409276512512823,8.224687911292698,-5.8019758701337985,8.917835091853048,13.537893890334919,-5.8019758701337985,-5.8019758701337985,-5.8019758701337985,13.585980077002556,11.195102376862835,-5.8019758701337985,8.917835091853048,8.224687911292698,-5.8019758701337985,-5.8019758701337985,-5.8019758701337985,11.36018212722227,10.304129452972937,-5.8019758701337985,-5.8019758701337985,-5.8019758701337985,-5.8019758701337985,-5.8019758701337985,-5.8019758701337985,-5.8019758701337985,-5.8019758701337985,-5.8019758701337985,-5.8019758701337985,14.21113991657757,-5.8019758701337985,16.2186454588667,-5.8019758701337985,-5.8019758701337985,-5.8019758701337985,-5.8019758701337985,8.630153019401131,8.224687911292698,-5.8019758701337985,-5.8019758701337985,-5.8019758701337985,-5.8019758701337985,-5.8019758701337985,-5.8019758701337985,9.728765308069242,10.016447380521157,-5.8019758701337985,11.245112797437475,-5.8019758701337985,-5.8019758701337985,-5.8019758701337985,-5.8019758701337985,-5.8019758701337985,-5.8019758701337985,11.338203220503486,-5.8019758701337985,14.049212003645463,14.384839823919265,-5.8019758701337985,10.5760631684566,13.640788313497552,8.224687911292698,-5.8019758701337985,-5.8019758701337985,-5.8019758701337985,-5.8019758701337985,13.643008070235867,-5.8019758701337985,13.40083764386696,10.622583184091436,9.610982272412993,-5.8019758701337985,-5.8019758701337985,-5.8019758701337985,-5.8019758701337985,-5.8019758701337985,11.463366363457506,8.224687911292698,8.224687911292698,-5.8019758701337985,-5.8019758701337985,-5.8019758701337985,-5.8019758701337985,-5.8019758701337985,14.556189761186825,13.096061138055877,-5.8019758701337985,-5.8019758701337985,-5.8019758701337985,-5.8019758701337985,-5.8019758701337985,-5.8019758701337985,-5.8019758701337985
4.548119022398065,-6.939674901934559,-6.939674901934559,-6.939674901934559,4.142653914289902,-6.939674901934559,7.712186610770871,-6.939674901934559,8.405333791331033,-6.939674901934559,4.835801094849847,6.088564063345215,-6.939674901934559,11.122729854851654,5.058944646164056,5.646731311066176,9.848101668265148,6.745343599734285,-6.939674901934559,12.728066344683281,5.39541688278527,-6.939674901934559,-6.939674901934559,-6.939674901934559,8.122335568191666,-6.939674901934559,-6.939674901934559,5.058944646164056,5.5289482754097925,4.142653914289902,-6.939674901934559,6.975867258345616,-6.939674901934559,-6.939674901934559,-6.939674901934559,7.474858424464635,10.752003157457278,4.835801094849847,15.945124714758688,8.602798328227632,-6.939674901934559,-6.939674901934559,-6.939674901934559,5.058944646164056,-6.939674901934559,4.548119022398065,5.241266202958011,8.585305170780078,4.142653914289902,-6.939674901934559,4.142653914289902,4.142653914289902,-6.939674901934559,-6.939674901934559,-6.939674901934559,4.548119022398065,-6.939674901934559,-6.939674901934559,4.142653914289902,-6.939674901934559,-6.939674901934559,5.934413383517956,-6.939674901934559,-6.939674901934559,10.066909711704426,-6.939674901934559,6.9460142951955515,9.321624523205319,6.393945712896397,-6.939674901934559,6.088564063345215,-6.939674901934559,-6.939674901934559,11.496056091013035,4.835801094849847,7.5099497442763425,5.752091826724001,8.194438862093065,-6.939674901934559,-6.939674901934559,-6.939674901934559,4.142653914289902,-6.939674901934559,5.934413383517956,-6.939674901934559,8.82940408727039,-6.939674901934559,5.241266202958011,-6.939674901934559,-6.939674901934559,-6.939674901934559,12.635246988837904,9.248599388190435,4.142653914289902,-6.939674901934559,-6.939674901934559,-6.939674901934559,-6.939674901934559,-6.939674901934559,-6.939674901934559
8.735219658786692,-8.24900664726438,-8.24900664726438,6.337324385988237,-8.24900664726438,-8.24900664726438,-8.24900664726438,5.931859277879841,10.604688112342085,7.541297190314219,-8.24900664726438,10.19453915492149,9.067353493809321,10.848183892505194,-8.24900664726438,11.309449825322723,12.211318348621989,10.173186030450921,-8.24900664726438,-8.24900664726438,5.931859277879841,-8.24900664726438,-8.24900664726438,-8.24900664726438,9.716048911798433,5.238712097320235,-8.24900664726438,-8.24900664726438,-8.24900664726438,-8.24900664726438,-8.24900664726438,8.283234535043615,-8.24900664726438,-8.24900664726438,-8.24900664726438,7.184622246375507,10.532016922044726,10.480459112379872,11.86410446532819,5.931859277879841,8.011300819559938,-8.24900664726438,-8.24900664726438,-8.24900664726438,-8.24900664726438,-8.24900664726438,-8.24900664726438,8.071925441376397,-8.24900664726438,-8.24900664726438,-8.24900664726438,7.184622246375507,-8.24900664726438,6.337324385988237,9.067353493809321,-8.24900664726438,-8.24900664726438,6.848150009754135,-8.24900664726438,6.6250064584397865,-8.24900664726438,8.90227374344988,-8.24900664726438,10.208525396896233,8.329754550678526,5.931859277879841,7.030471566548182,10.426097903160988,6.6250064584397865,6.337324385988237,-8.24900664726438,7.7236187471081275,-8.24900664726438,10.905138785432666,6.848150009754135,9.501391974361534,6.337324385988237,-8.24900664726438,-8.24900664726438,8.071925441376397,-8.24900664726438,-8.24900664726438,-8.24900664726438,7.636607370118582,-8.24900664726438,-8.24900664726438,6.6250064584397865,-8.24900664726438,-8.24900664726438,-8.24900664726438,5.931859277879841,10.448198250161655,9.109913108228104,-8.24900664726438,-8.24900664726438,7.318153638999905,7.318153638999905,8.283234535043615,6.337324385988237,-8.24900664726438
10.773835221965154,-6.463877495822768,-6.463877495822768,9.675222933296979,-6.463877495822768,-6.463877495822768,-6.463877495822768,-6.463877495822768,14.196234811277916,8.422459964801561,-6.463877495822768,11.32662504483017,12.160129583085045,-6.463877495822768,-6.463877495822768,-6.463877495822768,14.359996169884106,11.466982402525097,-6.463877495822768,9.115607145361507,8.134777892349895,-6.463877495822768,-6.463877495822768,-6.463877495822768,11.948820489417834,8.134777892349895,-6.463877495822768,-6.463877495822768,-6.463877495822768,-6.463877495822768,-6.463877495822768,-6.463877495822768,-6.463877495822768,-6.463877495822768,-6.463877495822768,12.046800897778041,13.184633899599435,-6.463877495822768,15.322938834813042,11.096608614228197,8.134777892349895,-6.463877495822768,9.521072253469786,7.729312784241273,-6.463877495822768,-6.463877495822768,-6.463877495822768,-6.463877495822768,-6.463877495822768,10.214219434029731,-6.463877495822768,10.214219434029731,-6.463877495822768,-6.463877495822768,10.255041428549967,-6.463877495822768,-6.463877495822768,-6.463877495822768,-6.463877495822768,11.14703946785509,-6.463877495822768,-6.463877495822768,-6.463877495822768,11.392874430371377,11.798339538479542,-6.463877495822768,9.115607145361507,-6.463877495822768,9.601114961143287,-6.463877495822768,-6.463877495822768,-6.463877495822768,-6.463877495822768,13.402636051413229,-6.463877495822768,12.896951827147655,-6.463877495822768,10.842828093452106,-6.463877495822768,9.601114961143287,-6.463877495822768,-6.463877495822768,-6.463877495822768,-6.463877495822768,7.729312784241273,10.332002469686113,-6.463877495822768,-6.463877495822768,-6.463877495822768,-6.463877495822768,7.0361656036817894,11.840186648415045,11.130510165903885,-6.463877495822768,-6.463877495822768,-6.463877495822768,7.729312784241273,-6.463877495822768,7.729312784241273,-6.463877495822768
2.4684142019439754,-11.209260752971803,-0.47602477722246483,-11.209260752971803,-11.209260752971803,-11.209260752971803,-11.209260752971803,0.4402659546516894,7.178181454341919,1.2287233150159604,6.3258142761681055,5.571347401823806,5.204147831794567,5.5725287368696,4.680152822164349,0.6225875114456443,6.990774697796137,7.579767673755299,-0.47602477722246483,0.7767381912729032,1.4698853718328486,4.524560181020275,6.013180154102827,-0.07055966911430112,-11.209260752971803,5.35585770006105,-11.209260752971803,-0.47602477722246483,3.225277196889575,6.431230376717979,3.9367735161179507,7.801005857709965,0.21712240333748056,2.264815246702735,1.4698853718328486,-11.209260752971803,8.001803690671494,0.4402659546516894,11.427326605359212,1.4698853718328486,-11.209260752971803,-0.47602477722246483,5.33661210234577,1.0280526195538098,-0.47602477722246483,7.111032275497562,0.7767381912729032,4.738910980386426,3.4558008555015007,-0.47602477722246483,6.273906416566087,-11.209260752971803,-11.209260752971803,0.4402659546516894,7.147861518709983,0.6225875114456443,-11.209260752971803,3.0649345468146763,-11.209260752971803,3.148316155753575,-1.1691719577824102,5.142562851370466,-11.209260752971803,8.488606853779359,8.102451642610669,-11.209260752971803,2.163032552392794,6.990202778993009,3.1212874833659026,0.21712240333748056,-11.209260752971803,1.5388782433198003,-11.209260752971803,6.528857212490377,0.910269583897426,8.107611370742482,4.507581844485793,3.020482784243928,-0.47602477722246483,-0.47602477722246483,1.9218704955759058,1.5388782433198003,-11.209260752971803,5.454893270017441,2.163032552392794,-11.209260752971803,3.2734792987075476,5.138926483727117,3.912232407201789,4.040314195058848,-11.209260752971803,7.99208320650328,6.799839823324056,4.789252735247331,-11.209260752971803,3.020482784243928,-11.209260752971803,-11.209260752971803,3.352616619266298,-11.209260752971803
9.28652375904006,-7.014502329694727,-7.014502329694727,-7.014502329694727,-7.014502329694727,-7.014502329694727,-7.014502329694727,-7.014502329694727,10.340684285137382,-7.014502329694727,-7.014502329694727,10.766150059952231,8.859079744213144,11.269023355527732,-7.014502329694727,13.34771611394533,11.13463616481931,11.947087293876349,-7.014502329694727,6.844176723670815,7.53732390423076,6.844176723670815,12.19603485714699,-7.014502329694727,11.148241816875087,9.585016747596107,-7.014502329694727,-7.014502329694727,-7.014502329694727,-7.014502329694727,-7.014502329694727,10.87841736182332,-7.014502329694727,9.552226924773088,-7.014502329694727,8.348254120447194,11.517005558132828,12.179308063341676,14.95234849077622,7.53732390423076,-7.014502329694727,-7.014502329694727,9.195551980834338,-7.014502329694727,6.844176723670815,-7.014502329694727,-7.014502329694727,7.249641831778659,-7.014502329694727,9.04140130100714,-7.014502329694727,8.859079744213144,-7.014502329694727,-7.014502329694727,10.593680799601287,-7.014502329694727,-7.014502329694727,-7.014502329694727,-7.014502329694727,-7.014502329694727,-7.014502329694727,-7.014502329694727,-7.014502329694727,12.16474469915378,12.840628812289944,-7.014502329694727,-7.014502329694727,14.019666437295147,12.21945513135509,-7.014502329694727,-7.014502329694727,13.53873878219202,-7.014502329694727,7.760467455544777,-7.014502329694727,12.32689681321674,10.557748790375214,-7.014502329694727,7.249641831778659,-7.014502329694727,-7.014502329694727,-7.014502329694727,-7.014502329694727,10.194080810945504,-7.014502329694727,-7.014502329694727,-7.014502329694727,-7.014502329694727,-7.014502329694727,-7.014502329694727,-7.014502329694727,9.839908997224901,10.294164269502508,-7.014502329694727,-7.014502329694727,6.15102954311098,-7.014502329694727,-7.014502329694727,6.844176723670815,-7.014502329694727
-6.22566312550417,-6.22566312550417,-6.22566312550417,-6.22566312550417,-6.22566312550417,-6.22566312550417,10.719927758545174,-6.22566312550417,11.887532918700224,-6.22566312550417,-6.22566312550417,11.898582754886819,10.884230809836433,12.586220279635796,8.080870428929565,-6.22566312550417,13.58416737616449,-6.22566312550417,-6.22566312550417,-6.22566312550417,-6.22566312550417,-6.22566312550417,-6.22566312550417,-6.22566312550417,9.872629898157925,-6.22566312550417,-6.22566312550417,-6.22566312550417,11.577377990396378,-6.22566312550417,-6.22566312550417,-6.22566312550417,-6.22566312550417,-6.22566312550417,-6.22566312550417,-6.22566312550417,12.216036985672265,10.432245686093392,15.374228186923967,8.080870428929565,-6.22566312550417,-6.22566312550417,11.514857633415048,-6.22566312550417,-6.22566312550417,-6.22566312550417,-6.22566312550417,12.974971906770218,-6.22566312550417,-6.22566312550417,-6.22566312550417,9.952672605831438,11.530857974761503,-6.22566312550417,9.584947825706111,-6.22566312550417,-6.22566312550417,9.69030834136391,-6.22566312550417,11.237870850080016,-6.22566312550417,10.884230809836433,8.080870428929565,14.038002296957393,11.546606331729635,7.387723248369971,-6.22566312550417,9.952672605831438,-6.22566312550417,-6.22566312550417,-6.22566312550417,-6.22566312550417,8.080870428929565,13.074698604709788,-6.22566312550417,13.88298880430698,-6.22566312550417,-6.22566312550417,-6.22566312550417,10.914083772986105,-6.22566312550417,-6.22566312550417,-6.22566312550417,13.924414845961277,9.179482717597878,-6.22566312550417,-6.22566312550417,8.774017609489817,-6.22566312550417,-6.22566312550417,-6.22566312550417,14.107943403505265,11.46526069227567,-6.22566312550417,-6.22566312550417,-6.22566312550417,-6.22566312550417,-6.22566312550417,9.467164790049761,-6.22566312550417
-9.910657507042398,-9.910657507042398,-9.910657507042398,-9.910657507042398,4.859884611112229,-9.910657507042398,4.166737430552285,5.083028162426439,9.626322944696673,4.166737430552285,8.7618572806871,8.876267631864847,-9.910657507042398,8.693946075070889,7.4989419407277085,-9.910657507042398,8.98701899615755,7.551127693898267,4.166737430552285,-9.910657507042398,5.776175342986539,5.083028162426439,-9.910657507042398,-9.910657507042398,8.244274874458226,-9.910657507042398,6.112647579607818,-9.910657507042398,4.572202538660449,8.058557728663132,6.651644080340477,-9.910657507042398,5.083028162426439,4.572202538660449,-9.910657507042398,7.632473333352228,10.439614437098681,8.363939378214312,11.694531418273959,9.079392316288562,-9.910657507042398,-9.910657507042398,7.0571091884486625,-9.910657507042398,-9.910657507042398,7.830299076682148,-9.910657507042398,7.187162316696872,-9.910657507042398,6.731686788013999,8.65537380028465,-9.910657507042398,-9.910657507042398,5.5530317916723675,10.07888817094077,-9.910657507042398,-9.910657507042398,-9.910657507042398,-9.910657507042398,7.028938311481973,8.1083192382222,5.958496899780467,-9.910657507042398,7.534033260538971,9.232492023869849,-9.910657507042398,4.859884611112229,8.725863678039195,8.363939378214312,-9.910657507042398,-9.910657507042398,6.181640451094754,-9.910657507042398,9.525679418916983,-9.910657507042398,9.354123236393267,7.567934812214645,6.246178972232313,-9.910657507042398,-9.910657507042398,-9.910657507042398,5.419500399047872,-9.910657507042398,6.038539607453994,4.166737430552285,6.246178972232313,-9.910657507042398,6.4693225235464835,7.791078363528875,7.4248339685739735,-9.910657507042398,6.518112687715981,8.962527976149254,7.927937546246062,-9.910657507042398,8.146419084454475,-9.910657507042398,-9.910657507042398,5.5530317916723675,-9.910657507042398
6.889094294618575,-10.582498563285208,3.9158348769162696,-10.582498563285208,0.6199980109123242,-10.582498563285208,1.4672958712995285,-10.582498563285208,7.897476072682445,1.718610299580435,6.326000242306826,7.678469507273079,3.104904660700324,4.4911990218201785,5.093539754421919,1.4672958712995285,6.6122955443241835,3.680268805603424,-10.582498563285208,-10.582498563285208,1.718610299580435,-10.582498563285208,-10.582498563285208,1.3131451914722696,6.391439134042301,6.939566544970989,0.9076800833641059,6.446980919354664,5.472028274831905,3.510369768808358,1.4672958712995285,3.664520448635507,1.6008272639240513,2.8886815522306897,1.9192809950425858,6.98989899374055,9.196403061960408,2.3545990663004304,12.101271117013201,3.510369768808358,-10.582498563285208,-10.582498563285208,6.672087179836718,1.1308236346783147,0.21453290280416049,5.941380650391356,1.6008272639240513,3.6957729921398013,0.9076800833641059,-10.582498563285208,5.201558331261277,5.3204783767047195,-10.582498563285208,0.21453290280416049,3.9640369787344447,0.9076800833641059,-10.582498563285208,-10.582498563285208,0.21453290280416049,-10.582498563285208,-10.582498563285208,1.6008272639240513,-10.582498563285208,-10.582498563285208,9.861804749684627,-10.582498563285208,4.747132395957406,6.502391462965942,4.839505716088344,0.6199980109123242,-10.582498563285208,9.118551898109622,-10.582498563285208,5.896410542072282,2.006292372032215,8.478767457827,2.0863350797057514,3.472629440825278,-0.4786142777557849,-10.582498563285208,4.463028144853311,1.3131451914722696,-10.582498563285208,2.779482260265697,-10.582498563285208,4.504992343952316,-10.582498563285208,4.854104515509485,2.160443051859474,2.6994395525921604,6.575835380377149,5.671988490690448,8.184927809995589,4.064680504514055,-10.582498563285208,2.4658247014106554,-10.582498563285208,0.21453290280416049,0.21453290280416049,1.4672958712995285
12.539835816755506,-6.102527557871394,-6.102527557871394,-6.102527557871394,-6.102527557871394,-6.102527557871394,-6.102527557871394,-6.102527557871394,11.741977682106517,8.091319440812423,-6.102527557871394,10.489214713611105,-6.102527557871394,9.96312161771433,-6.102527557871394,-6.102527557871394,12.809818312107884,12.218453825857878,-6.102527557871394,9.189931729480762,-6.102527557871394,-6.102527557871394,12.04256315939422,8.091319440812423,11.804891507517098,11.368464173804961,-6.102527557871394,-6.102527557871394,-6.102527557871394,-6.102527557871394,-6.102527557871394,14.374520330700596,-6.102527557871394,-6.102527557871394,-6.102527557871394,12.218453825857878,13.64039552570801,-6.102527557871394,16.238897177014564,9.595396837589,-6.102527557871394,-6.102527557871394,-6.102527557871394,-6.102527557871394,-6.102527557871394,8.091319440812423,-6.102527557871394,9.477613801932655,-6.102527557871394,-6.102527557871394,-6.102527557871394,10.03722958986803,-6.102527557871394,8.091319440812423,11.387156306817108,-6.102527557871394,-6.102527557871394,-6.102527557871394,-6.102527557871394,9.007610172686853,-6.102527557871394,-6.102527557871394,-6.102527557871394,12.947248345148065,11.897981930583107,-6.102527557871394,8.091319440812423,10.489214713611105,-6.102527557871394,-6.102527557871394,-6.102527557871394,-6.102527557871394,-6.102527557871394,12.711378239294628,-6.102527557871394,10.617048085121006,10.288544018148947,-6.102527557871394,-6.102527557871394,-6.102527557871394,-6.102527557871394,-6.102527557871394,-6.102527557871394,10.924532784869001,-6.102527557871394,-6.102527557871394,-6.102527557871394,-6.102527557871394,-6.102527557871394,-6.102527557871394,7.3981722602528475,13.088531714576904,12.498038688077044,9.007610172686853,-6.102527557871394,-6.102527557871394,-6.102527557871394,-6.102527557871394,8.091319440812423,-6.102527557871394
9.395026191547638,-8.857495309423275,-8.857495309423275,-8.857495309423275,-8.857495309423275,-8.857495309423275,-8.857495309423275,-8.857495309423275,10.73658465882614,-8.857495309423275,11.614229675602637,8.057521994597177,9.073442567420173,7.957438536040175,9.330487670410069,-8.857495309423275,8.797189190792,9.10734411909586,-8.857495309423275,7.31558464986779,5.706146737433405,7.092441098553533,9.490336371351958,-8.857495309423275,9.431840164670348,8.92502256230189,-8.857495309423275,-8.857495309423275,8.057521994597177,9.766589747980118,7.577948914335252,-8.857495309423275,-8.857495309423275,-8.857495309423275,-8.857495309423275,5.706146737433405,11.374302034446757,8.345204067048934,13.190234442383954,5.706146737433405,-8.857495309423275,-8.857495309423275,9.10734411909586,7.721049757975955,5.706146737433405,10.136963536277017,-8.857495309423275,-8.857495309423275,-8.857495309423275,6.958909705928976,10.497796490364411,-8.857495309423275,-8.857495309423275,-8.857495309423275,9.940253242030959,-8.857495309423275,-8.857495309423275,7.410894829672046,-8.857495309423275,-8.857495309423275,-8.857495309423275,5.706146737433405,-8.857495309423275,10.043437478266195,10.784440680003776,-8.857495309423275,7.577948914335252,10.799896938240467,6.622437469307845,-8.857495309423275,-8.857495309423275,7.652056886488989,-8.857495309423275,8.414196938535898,-8.857495309423275,9.78368418133942,8.650585716600144,-8.857495309423275,-8.857495309423275,-8.857495309423275,-8.857495309423275,-8.857495309423275,-8.857495309423275,8.057521994597177,-8.857495309423275,6.111611845541728,-8.857495309423275,7.957438536040175,-8.857495309423275,7.31558464986779,7.652056886488989,11.477587860563721,7.497906206661697,8.308836422878088,-8.857495309423275,7.410894829672046,-8.857495309423275,-8.857495309423275,6.958909705928976,-8.857495309423275
-6.328428063904795,10.173441096792716,-6.328428063904795,9.074828808124607,-6.328428063904795,-6.328428063904795,-6.328428063904795,7.822065839628728,13.946749230523476,9.074828808124607,-6.328428063904795,12.391608847974213,11.136251844301787,10.073357638235713,-6.328428063904795,-6.328428063904795,13.244810784552362,11.49836651153634,-6.328428063904795,-6.328428063904795,8.227530947737131,-6.328428063904795,9.208360200749155,-6.328428063904795,13.517480064614958,-6.328428063904795,-6.328428063904795,-6.328428063904795,-6.328428063904795,-6.328428063904795,-6.328428063904795,-6.328428063904795,-6.328428063904795,-6.328428063904795,-6.328428063904795,-6.328428063904795,12.674096103548887,-6.328428063904795,15.347436236558918,13.069089911789757,-6.328428063904795,-6.328428063904795,-6.328428063904795,7.822065839628728,-6.328428063904795,-6.328428063904795,-6.328428063904795,10.264412874998461,-6.328428063904795,-6.328428063904795,-6.328428063904795,9.431503752063257,-6.328428063904795,9.836968860171517,12.596978800204454,-6.328428063904795,-6.328428063904795,-6.328428063904795,-6.328428063904795,11.650707236118368,-6.328428063904795,-6.328428063904795,-6.328428063904795,11.67221344133932,11.348426364245416,-6.328428063904795,9.208360200749155,7.822065839628728,9.431503752063257,-6.328428063904795,-6.328428063904795,-6.328428063904795,8.227530947737131,13.890491427873382,-6.328428063904795,-6.328428063904795,-6.328428063904795,10.073357638235713,-6.328428063904795,-6.328428063904795,8.51521302018903,-6.328428063904795,-6.328428063904795,14.168579008931403,-6.328428063904795,10.019290416965426,-6.328428063904795,-6.328428063904795,-6.328428063904795,-6.328428063904795,-6.328428063904795,10.073357638235713,12.316304464910077,-6.328428063904795,-6.328428063904795,-6.328428063904795,10.073357638235713,-6.328428063904795,9.767975988684553,-6.328428063904795
7.421936324225942,-11.36823423052342,-11.36823423052342,2.490865457135346,-11.36823423052342,-11.36823423052342,-1.0926534813201805,0.5167844311139209,6.461157370688046,-0.3995063007602351,1.1045710960160395,6.434602438053601,6.158691502052032,7.837708402589254,0.005958807347930417,1.3922531684678212,8.193165351831906,7.320733541370464,-0.3995063007602351,6.92991546566807,1.9983889720381356,-11.36823423052342,3.931227039525915,-11.36823423052342,7.141646154376068,4.460306103601365,-11.36823423052342,-11.36823423052342,0.9867880603596557,1.2099316116738663,-11.36823423052342,2.8963305652438294,0.6991059879078758,0.005958807347930417,1.5464038482950784,6.031824781173229,7.659295576738433,4.185461177910202,9.822344069671038,0.853256667735133,-0.3995063007602351,-11.36823423052342,3.3732546373340497,2.4626945801686766,-11.36823423052342,1.2099316116738663,7.550643586891779,5.0664419071717415,1.3922531684678212,4.116832671521205,0.853256667735133,5.003171081111978,7.091581292774638,0.9867880603596557,5.761701020934827,0.5167844311139209,-11.36823423052342,3.034480903724482,-11.36823423052342,0.5167844311139209,5.699690946150596,4.244884598381087,1.8517854978462616,6.966306536449232,9.53098825726242,-11.36823423052342,5.489371657572632,8.999054859940891,8.499473871409588,5.038573008162917,-11.36823423052342,9.011404761677765,-11.36823423052342,8.418013680640861,1.1045710960160395,7.011143231661613,4.111353205756588,0.9867880603596557,1.1045710960160395,2.6209185853834267,-0.3995063007602351,-11.36823423052342,-11.36823423052342,5.053675776348651,1.61539671978203,0.2936408797997103,1.8517854978462616,0.9867880603596557,0.5167844311139209,-11.36823423052342,-11.36823423052342,9.25513520310931,7.047662058839801,-11.36823423052342,-11.36823423052342,2.490865457135346,-11.36823423052342,-11.36823423052342,2.4626945801686766,-11.36823423052342
7.2729147434458845,-8.18610770728617,-8.18610770728617,-8.18610770728617,-8.18610770728617,-8.18610770728617,6.954461012327253,5.56816665120753,12.29259987306213,-8.18610770728617,6.484457383081304,9.956423835632044,9.547848305109493,12.691033309806613,-8.18610770728617,-8.18610770728617,11.800614667758051,9.619951599010825,5.56816665120753,-8.18610770728617,-8.18610770728617,-8.18610770728617,7.647608192887331,-8.18610770728617,9.557150697771794,5.56816665120753,-8.18610770728617,-8.18610770728617,-8.18610770728617,5.56816665120753,-8.18610770728617,-8.18610770728617,-8.18610770728617,-8.18610770728617,-8.18610770728617,11.62143159922096,11.067381960122457,11.008417513644234,12.09466151077832,9.257046105321457,5.56816665120753,-8.18610770728617,5.56816665120753,5.56816665120753,-8.18610770728617,5.56816665120753,-8.18610770728617,-8.18610770728617,7.708232814703695,7.514076800262828,-8.18610770728617,-8.18610770728617,-8.18610770728617,6.261313831767307,9.509748458877208,-8.18610770728617,-8.18610770728617,-8.18610770728617,-8.18610770728617,-8.18610770728617,8.826263189229007,8.05307330099545,6.261313831767307,11.142220019188947,10.304365099602025,-8.18610770728617,7.177604563641463,6.820929619702882,-8.18610770728617,10.671077221412954,-8.18610770728617,8.900371161382719,6.261313831767307,12.25465162325714,-8.18610770728617,10.163286501342114,8.636219586341102,-8.18610770728617,-8.18610770728617,8.05307330099545,-8.18610770728617,-8.18610770728617,-8.18610770728617,10.27769685251986,-8.18610770728617,5.973631759315172,-8.18610770728617,-8.18610770728617,-8.18610770728617,-8.18610770728617,-8.18610770728617,9.557150697771794,10.359816404138236,-8.18610770728617,-8.18610770728617,9.645704095113244,7.072244047983754,-8.18610770728617,6.666778939875472,-8.18610770728617
13.945325810821126,-6.515423299391909,-6.515423299391909,-6.515423299391909,-6.515423299391909,-6.515423299391909,-6.515423299391909,-6.515423299391909,13.751240585322964,-6.515423299391909,-6.515423299391909,9.973049769633938,-6.515423299391909,10.46259799495264,9.513517440255487,-6.515423299391909,12.019043377246245,7.721757971026994,-6.515423299391909,-6.515423299391909,-6.515423299391909,-6.515423299391909,10.583958851956893,-6.515423299391909,10.8572521869566,10.360815300642674,-6.515423299391909,-6.515423299391909,-6.515423299391909,-6.515423299391909,-6.515423299391909,-6.515423299391909,-6.515423299391909,-6.515423299391909,-6.515423299391909,8.414905151587268,13.41549010983016,-6.515423299391909,15.30627695131902,7.028610790467518,-6.515423299391909,-6.515423299391909,11.471262046957822,8.820370259695542,-6.515423299391909,8.127223079135378,-6.515423299391909,9.225835367803633,-6.515423299391909,9.33119588346149,9.667668120082684,10.46259799495264,-6.515423299391909,-6.515423299391909,10.46259799495264,-6.515423299391909,-6.515423299391909,-6.515423299391909,-6.515423299391909,8.127223079135378,9.108052332147214,10.583958851956893,-6.515423299391909,12.854610897847966,13.814198435475447,-6.515423299391909,10.360815300642674,8.414905151587268,10.899811801375405,-6.515423299391909,-6.515423299391909,-6.515423299391909,-6.515423299391909,14.017946056442076,-6.515423299391909,-6.515423299391909,-6.515423299391909,9.736660991569654,-6.515423299391909,-6.515423299391909,10.395906620453953,-6.515423299391909,-6.515423299391909,-6.515423299391909,-6.515423299391909,9.80119951270724,-6.515423299391909,9.426506063265837,-6.515423299391909,-6.515423299391909,-6.515423299391909,14.554250765509053,11.963084723598207,-6.515423299391909,-6.515423299391909,-6.515423299391909,-6.515423299391909,-6.515423299391909,8.974520939522645,-6.515423299391909
-6.434209775666485,-6.434209775666485,-6.434209775666485,-6.434209775666485,-6.434209775666485,-6.434209775666485,-6.434209775666485,-6.434209775666485,12.373993613813951,-6.434209775666485,-6.434209775666485,11.374679546128123,11.754954405407725,8.268599215405002,-6.434209775666485,14.229604555028542,11.26433148895924,10.428083464758597,-6.434209775666485,7.8631341072966325,-6.434209775666485,9.73493628419865,13.133566270355605,9.36721150407325,12.95994709763441,10.21450936446055,-6.434209775666485,-6.434209775666485,8.556281287856887,-6.434209775666485,-6.434209775666485,12.2819747150937,-6.434209775666485,8.268599215405002,-6.434209775666485,-6.434209775666485,13.294670317631363,10.907656545020526,11.804715914966785,-6.434209775666485,-6.434209775666485,-6.434209775666485,12.251391291721621,-6.434209775666485,-6.434209775666485,-6.434209775666485,-6.434209775666485,12.411733941796797,-6.434209775666485,-6.434209775666485,-6.434209775666485,-6.434209775666485,-6.434209775666485,-6.434209775666485,12.146720669157725,-6.434209775666485,-6.434209775666485,-6.434209775666485,-6.434209775666485,-6.434209775666485,-6.434209775666485,9.472572019731103,-6.434209775666485,10.060358684633263,12.707321193755694,7.8631341072966325,-6.434209775666485,15.87945200580052,9.115897075792441,-6.434209775666485,-6.434209775666485,11.723863818337689,-6.434209775666485,9.73493628419865,13.865785843795651,-6.434209775666485,10.060358684633263,-6.434209775666485,-6.434209775666485,-6.434209775666485,8.268599215405002,-6.434209775666485,-6.434209775666485,-6.434209775666485,-6.434209775666485,-6.434209775666485,8.779424839171156,-6.434209775666485,-6.434209775666485,-6.434209775666485,-6.434209775666485,13.12841161976694,11.247524370642878,-6.434209775666485,-6.434209775666485,-6.434209775666485,-6.434209775666485,-6.434209775666485,8.556281287856887,-6.434209775666485
3.820859933348708,-12.718732332445697,-12.718732332445697,-12.718732332445697,4.813362758155598,-1.121972257396168,3.593545985760744,-0.08051838256800714,6.470225761515767,1.5170850722186433,5.145544496681411,6.138198908604314,0.8929307631460954,1.882058818972391,5.030760437307917,-12.718732332445697,5.909474493928512,1.5521763920303435,-0.2056815255220137,-1.5274373655043334,3.150053482063271,-0.2056815255220137,1.8737600161574424,-1.8151194379561133,7.353738999565127,-12.718732332445697,2.4934400448358875,-0.27467439700896534,2.0420953309767658,4.4048078219436615,-1.8151194379561133,1.3629343923916046,1.4429771000646685,1.2134026584201454,0.17731072673409187,0.41847278355098005,8.842053638724732,0.22176248930492726,8.767314945738818,3.5013652325473643,-1.5274373655043334,-0.27467439700896534,4.6603132787479655,0.4874656550379317,-0.4288250768362225,4.744967831644062,-0.4288250768362225,3.2847469898680064,-1.5274373655043334,2.9003988052007985,5.616772478851677,4.078364700791662,-12.718732332445697,2.090214579320925,6.2380256879196585,-1.5274373655043334,-1.121972257396168,2.251054247299133,-12.718732332445697,2.3120149470888487,-12.718732332445697,-0.5158364538258535,-12.718732332445697,6.599597961870886,7.426461169756125,-12.718732332445697,3.2662849270282734,6.5982675847345345,3.810100714196971,-1.8151194379561133,-12.718732332445697,-0.27467439700896534,1.6188677665286075,6.574240381950238,-0.08051838256800714,7.9194562446959775,-0.02335996872805879,3.437153990090513,-12.718732332445697,-1.8151194379561133,0.749829919505423,4.086602733651002,-12.718732332445697,5.277454278018552,1.4929875206395025,2.515613902330151,-12.718732332445697,4.76088577074012,4.574002034812216,2.343763645403522,2.0350281637538483,6.617459501070213,1.8569528978410066,2.803295974781932,-1.5274373655043334,-12.718732332445697,2.273654079216441,-12.718732332445697,2.0698748950839274,0.030707252542217844
7.053615630048063,-10.913333365341815,-10.913333365341815,-10.913333365341815,0.5104234678536788,1.321353684070008,4.114561693512468,-10.913333365341815,8.185853454381185,3.131462291965976,1.8321793078359985,7.9154631000351365,3.3726243487830914,7.325515061972385,1.9573424507900032,1.8967178289735696,6.609059390023439,6.697660369479727,-10.913333365341815,-10.913333365341815,3.414588547882037,0.5104234678536788,7.317252828245849,5.246621916248145,8.576081434307223,-10.913333365341815,-10.913333365341815,1.426714199727833,2.837701173438095,1.6890784641953243,-10.913333365341815,2.9527705032220126,1.2035706484136242,3.1671803745677334,1.6890784641953243,2.3822256447552697,9.174915346290794,7.928904365601467,11.62171024462473,2.7617152664601736,-10.913333365341815,-0.18272371270626664,6.696632091754171,1.0700392557891014,1.5220243795321586,2.215171560092104,1.6890784641953243,4.711377765134028,0.7335670191678876,0.5104234678536788,2.707648045189897,-10.913333365341815,-10.913333365341815,1.6090357565217879,5.276861801437863,0.7335670191678876,2.456333616908992,-10.913333365341815,-10.913333365341815,1.321353684070008,0.22274139540189708,0.9158885759618425,-10.913333365341815,3.251263491778621,9.261739714627133,-10.913333365341815,5.476758503053298,5.828543461697846,4.4901051217556125,-10.913333365341815,2.2596233226629376,8.143551074690498,0.7335670191678876,5.841933801757438,1.8967178289735696,7.467444988138725,7.604865761139403,5.03492575077431,-10.913333365341815,-0.18272371270626664,6.858687951088529,-10.913333365341815,-10.913333365341815,2.343004931601989,-10.913333365341815,5.344719276833446,-10.913333365341815,3.8515169254457966,2.215171560092104,0.9158885759618425,-10.913333365341815,7.1034680019961085,8.110325427062172,3.6349886132505826,-10.913333365341815,2.3021829370817333,0.5104234678536788,-10.913333365341815,3.414588547882037,-10.913333365341815
9.283332769305877,-8.339399258158188,-8.339399258158188,-8.339399258158188,-8.339399258158188,-8.339399258158188,-8.339399258158188,-8.339399258158188,10.606394945202254,-8.339399258158188,5.351507136581555,8.46502244579192,10.362142430677803,12.783695042735898,-8.339399258158188,10.345335312361424,11.14299519165686,9.621204586281504,-8.339399258158188,-8.339399258158188,-8.339399258158188,-8.339399258158188,-8.339399258158188,-8.339399258158188,6.960945049015443,6.855584533357819,-8.339399258158188,-8.339399258158188,5.351507136581555,-8.339399258158188,-8.339399258158188,5.351507136581555,-8.339399258158188,5.756972244689205,-8.339399258158188,10.904466721503168,10.293149559190859,8.213708017511006,12.154457301197564,4.658359956021609,5.351507136581555,-8.339399258158188,4.658359956021609,-8.339399258158188,-8.339399258158188,-8.339399258158188,8.59018558874591,7.366410157123759,-8.339399258158188,7.0562552288198095,-8.339399258158188,7.877235780889779,9.312320306179116,-8.339399258158188,9.040386590695476,-8.339399258158188,-8.339399258158188,-8.339399258158188,-8.339399258158188,6.737801497701404,8.5501802541322,8.487001352510699,-8.339399258158188,11.088079434060743,10.652321383328177,-8.339399258158188,8.241878894477708,13.194374901678433,5.756972244689205,-8.339399258158188,-8.339399258158188,11.327858045879486,6.044654317141175,10.936881380187453,-8.339399258158188,11.110408910458833,9.040386590695476,-8.339399258158188,-8.339399258158188,-8.339399258158188,6.044654317141175,-8.339399258158188,-8.339399258158188,8.628651869573716,6.044654317141175,-8.339399258158188,6.044654317141175,-8.339399258158188,-8.339399258158188,-8.339399258158188,5.756972244689205,11.532558451474902,8.39602957430495,5.351507136581555,-8.339399258158188,8.52956096692946,-8.339399258158188,-8.339399258158188,5.756972244689205,-8.339399258158188
3.722204259879632,-10.35203839493656,-10.35203839493656,-10.35203839493656,-10.35203839493656,-10.35203839493656,6.301889315995021,-10.35203839493656,9.311094254038942,1.9817380850392396,2.5695247499413583,2.4517417142849762,-10.35203839493656,4.073602146717464,4.709590913437396,1.625063141100508,7.1045108790723415,6.500260464301653,1.625063141100508,1.8763775693814129,2.85720682239314,-10.35203839493656,7.31252264172476,1.625063141100508,7.587172436677663,6.7002369563343045,-10.35203839493656,1.0654473531650854,5.702600585006161,3.2345010535346077,1.7585945337250308,3.591175997472595,-10.35203839493656,3.011357502220399,2.1640596418331945,5.224330436524623,9.81410934464152,2.51236633610141,12.329594100791768,3.3680324461591304,-10.35203839493656,-10.35203839493656,3.8380360754045597,5.338635207804778,1.625063141100508,2.8146472079743443,2.0770482648435653,5.155616543976538,0.37230017260514003,4.4153514404395775,3.9132594966423078,-10.35203839493656,-10.35203839493656,1.2885909044792943,6.560564295687717,1.8763775693814129,1.9817380850392396,-10.35203839493656,-10.35203839493656,1.9817380850392396,0.37230017260514003,1.2885909044792943,-10.35203839493656,8.144842340594309,8.353007993474804,-10.35203839493656,5.99631767879245,5.946353540586481,4.3886831933575206,0.37230017260514003,-10.35203839493656,2.5695247499413583,2.1640596418331945,5.45989650783749,1.8763775693814129,8.788567445431413,1.8763775693814129,5.39946476865248,-10.35203839493656,-10.35203839493656,3.630396710626316,-10.35203839493656,2.674885265599185,3.11314019653034,1.4709124612732491,5.556888773824805,-10.35203839493656,2.8980288169133956,-10.35203839493656,-10.35203839493656,-10.35203839493656,10.016336713030313,8.399776703465617,0.7777652807133038,-10.35203839493656,2.8146472079743443,-10.35203839493656,0.37230017260514003,4.634980049646304,3.55035400295278
4.504048531801175,0.42651108789554826,0.7141931603473299,-10.537537955008222,-10.537537955008222,-10.537537955008222,1.7257940720258098,1.812805449015439,5.461296842224081,-10.537537955008222,2.824406360693919,4.276658689605302,3.1780464009374967,5.925044501114069,1.5251233765636574,1.1196582684554937,5.946637782744591,6.110090855234203,-10.537537955008222,2.54677462409564,0.7141931603473299,0.02104597978738454,-10.537537955008222,1.966956128842698,6.021222467497364,1.8928481566889754,-10.537537955008222,-10.537537955008222,2.418941252585755,1.812805449015439,-10.537537955008222,6.927300132643239,-10.537537955008222,9.930937979996505,10.917868635195099,1.4073403409072753,5.82467378941327,2.54677462409564,9.70771369412196,3.1120884331457006,0.42651108789554826,0.42651108789554826,4.225738599178141,-10.537537955008222,9.281366284068588,2.695194629213912,1.812805449015439,3.7467394070237665,1.812805449015439,0.7141931603473299,1.5251233765636574,0.02104597978738454,5.086800573104702,1.4073403409072753,4.498382794265509,0.42651108789554826,-10.537537955008222,-10.537537955008222,0.02104597978738454,0.9373367116615388,0.02104597978738454,5.336711984669928,-10.537537955008222,7.609622789638825,5.635997240736904,-10.537537955008222,2.9914604453570846,5.3017084110966675,3.502286069122526,3.6586321395136734,2.2182705571236028,2.3724212369508617,0.02104597978738454,6.367559149089507,1.8928481566889754,7.440726277978798,4.880858384148922,4.297712098803095,-10.537537955008222,3.156540195716534,0.42651108789554826,-10.537537955008222,-10.537537955008222,5.826180948703837,0.9373367116615388,2.1611121432836544,-10.537537955008222,1.812805449015439,-10.537537955008222,-10.537537955008222,-10.537537955008222,5.706324982878995,4.028379165019596,2.3724212369508617,-10.537537955008222,6.28634719252507,0.02104597978738454,2.418941252585755,1.812805449015439,-10.537537955008222
6.845883232275347,-11.654840525666835,-11.654840525666835,-11.654840525666835,-11.654840525666835,-11.654840525666835,-11.654840525666835,-11.654840525666835,6.752317532553514,0.3236066274692657,6.176886113271367,6.301859280605012,5.508895263719289,6.326258363967808,5.966842602257423,7.06560243795642,6.163521276450032,6.711327343600101,-11.654840525666835,1.0773784298456466,1.740672647255911,4.233126502679273,4.754423426312575,-0.6572226255424596,6.299640227546702,3.773594173300748,0.95221528689164,-1.062687733650625,4.310273175893174,4.761836358701704,0.95221528689164,2.1359853839000564,-0.3695405530906797,1.9577371524937384,1.134536843685595,0.035924555017485815,7.802835681168782,-11.654840525666835,10.680642853494506,-11.654840525666835,-11.654840525666835,-11.654840525666835,5.999932255892423,1.9577371524937384,-1.062687733650625,6.303125103558837,0.5467501787834763,6.192197076426714,2.7328014555213134,3.4911891579496563,6.639642518521568,4.8358388177980425,-11.654840525666835,2.798041977389447,5.96861173142295,0.5467501787834763,-11.654840525666835,2.7215019002671426,0.035924555017485815,0.5467501787834763,-0.6572226255424596,4.660897368301698,-11.654840525666835,7.475287996948138,8.650244457164444,-11.654840525666835,6.747462172013553,8.409709163138366,5.298614743922348,1.6453624674515854,1.3796593017185792,2.3046080963356896,-11.654840525666835,5.693081188333614,0.8832224154046884,4.622591269441004,4.84131078767608,3.882519755123065,-11.654840525666835,-0.14639700177646908,2.600873912478395,1.502261623810913,-11.654840525666835,5.0080499943518415,-0.6572226255424596,2.6386142404614095,-11.654840525666835,6.603065698211068,2.156188091217576,4.314902813791896,-11.654840525666835,8.129183122041896,6.72448680242976,4.539431087229034,-11.654840525666835,-11.654840525666835,-0.6572226255424596,-11.654840525666835,2.175990718513697,0.035924555017485815
8.893991814942787,10.659775797767645,7.022189638040613,-6.8501558566755385,-6.8501558566755385,-6.8501558566755385,-6.8501558566755385,-6.8501558566755385,10.577537699530675,7.71533681860103,-6.8501558566755385,8.893991814942787,8.120801926709353,10.944162974322582,-6.8501558566755385,-6.8501558566755385,11.25629614263853,8.274952606536521,-6.8501558566755385,-6.8501558566755385,-6.8501558566755385,-6.8501558566755385,7.022189638040613,-6.8501558566755385,8.893991814942787,7.022189638040613,-6.8501558566755385,-6.8501558566755385,8.120801926709353,-6.8501558566755385,-6.8501558566755385,9.037092658583507,-6.8501558566755385,-6.8501558566755385,10.372093725315848,9.88439051897073,10.04261452418562,-6.8501558566755385,11.838430794109303,7.022189638040613,7.427654746149408,-6.8501558566755385,10.783389753734834,-6.8501558566755385,12.418087332928174,-6.8501558566755385,-6.8501558566755385,8.408483999160975,-6.8501558566755385,-6.8501558566755385,-6.8501558566755385,-6.8501558566755385,7.938480369915146,-6.8501558566755385,8.274952606536521,-6.8501558566755385,-6.8501558566755385,-6.8501558566755385,-6.8501558566755385,7.427654746149408,-6.8501558566755385,7.71533681860103,-6.8501558566755385,11.826210682774528,9.464536673410475,-6.8501558566755385,-6.8501558566755385,12.931630349670666,-6.8501558566755385,-6.8501558566755385,-6.8501558566755385,6.32904245748133,7.022189638040613,9.9666286172077,-6.8501558566755385,8.813949107269298,9.10163117972104,-6.8501558566755385,-6.8501558566755385,8.274952606536521,-6.8501558566755385,-6.8501558566755385,-6.8501558566755385,10.372093725315848,-6.8501558566755385,-6.8501558566755385,-6.8501558566755385,-6.8501558566755385,-6.8501558566755385,-6.8501558566755385,-6.8501558566755385,10.659775797767645,8.813949107269298,-6.8501558566755385,8.63162755047528,8.120801926709353,-6.8501558566755385,8.120801926709353,-6.8501558566755385,-6.8501558566755385
8.342060004384939,-10.281808331952705,-10.281808331952705,-10.281808331952705,-10.281808331952705,0.5433318015129451,-0.14981537904700026,-10.281808331952705,8.504702003232456,-10.281808331952705,5.936959347865227,1.929626162632836,7.6908910727023905,4.338820990684903,4.02457189084862,-10.281808331952705,7.263551956648231,5.93240353132943,-10.281808331952705,4.7989445113309,3.8391686675171783,0.9487969096211089,7.265961596368374,3.028238451300945,7.088681461847361,7.5017801948105935,-10.281808331952705,1.6419440901810542,2.415133978414536,3.251382002615154,-10.281808331952705,3.6113847366463467,0.9487969096211089,3.3466921824194795,1.2364789820728905,2.8947070586764223,8.944328198526666,5.252862002825164,11.882475144706687,-10.281808331952705,-10.281808331952705,-10.281808331952705,5.52350788812448,4.770165546780969,-10.281808331952705,6.719199071618673,1.4596225333870994,4.880622542345383,0.9487969096211089,3.893235888787416,4.813029251212724,-10.281808331952705,-10.281808331952705,4.475157434237218,6.874833651406629,2.047409198289218,1.6419440901810542,0.5433318015129451,-10.281808331952705,1.6419440901810542,0.9487969096211089,1.4596225333870994,-10.281808331952705,9.114350079624089,11.463525394173914,-10.281808331952705,5.243812167305192,8.074348133590856,5.426133724099237,0.5433318015129451,-10.281808331952705,2.415133978414536,-10.281808331952705,7.9182742472312375,2.79462360011944,7.444565863504798,6.270179549100109,2.415133978414536,1.2364789820728905,-10.281808331952705,1.4596225333870994,2.6227733431927813,-10.281808331952705,5.513145101088942,-10.281808331952705,3.028238451300945,0.5433318015129451,5.646242371718305,2.79462360011944,3.7003322226625084,-10.281808331952705,10.46109201333579,7.687738981834073,4.755459399391186,-10.281808331952705,-10.281808331952705,-10.281808331952705,-10.281808331952705,2.9856788368821494,-10.281808331952705
4.389149450372834,4.547437807722626,-11.583772748147549,-11.583772748147549,-0.4497744660413936,-11.583772748147549,2.32281425619807,1.2242019675302789,4.425422857159712,2.0069613067799104,3.5142082783172732,6.045491089895603,5.710729373387573,5.827495393505489,1.8856004497756427,0.2433727145185518,7.788321916081483,7.755261794400331,0.39752339434581074,-11.583772748147549,2.9402496150222053,0.5310547869703335,5.3164610232613505,3.1337444724145005,6.805816808212269,-11.583772748147549,-11.583772748147549,0.6488378226267173,1.3960522244569376,2.343433543400451,0.061051157724596905,2.32281425619807,0.2433727145185518,2.258275735060682,1.3419850031866627,1.587107461219647,7.100010122322079,8.87538158036337,10.556079430980521,4.191406157469681,1.9173491480902243,5.087559800977134,-11.583772748147549,0.061051157724596905,-0.8552395741495573,3.77462322442877,0.061051157724596905,2.9949080275600863,1.1596634463927078,3.858785016750441,2.383438878014344,3.8497759468082338,-11.583772748147549,1.709709783311979,5.533321831396047,-0.16209239358961192,-11.583772748147549,-0.8552395741495573,0.061051157724596905,4.823225092522293,-11.583772748147549,5.827495393505489,-11.583772748147549,8.260735171790902,8.177766782543708,-11.583772748147549,4.914642702211141,4.777762718445571,2.9175213639450455,-11.583772748147549,-11.583772748147549,8.811417436092222,4.526959276379146,7.783994243175703,1.0165626027520336,7.125468246720109,5.498260523139247,3.3191476957459445,-11.583772748147549,2.894264501780679,3.349453045241404,-11.583772748147549,-11.583772748147549,4.567505370773473,1.0906705749057561,2.641267987316521,-11.583772748147549,2.140492699404433,0.2433727145185518,0.061051157724596905,-11.583772748147549,4.457966404892159,6.00174858777892,2.7001084873397208,-11.583772748147549,5.989575905058706,-11.583772748147549,-11.583772748147549,2.641267987316521,-11.583772748147549
3.2324304512113686,-12.917551273687144,-0.6773678591945789,-12.917551273687144,-12.917551273687144,-1.2651545240966975,-1.488298075410908,-0.4766971637324282,6.5313969524502,1.1858505740149496,5.734085445007613,4.914862129555859,5.095802470660626,6.9503388030995525,5.128436229853928,4.824343763282645,7.201166336945782,5.471337825448211,-1.775980147862688,-1.488298075410908,0.2609017793983508,3.9233479764441013,-0.9286822874754854,-0.9286822874754854,-12.917551273687144,1.6687023457387724,2.874800549377385,-1.775980147862688,3.803749678123528,3.1632784833913004,2.4484175426075447,6.661448075084685,-0.9286822874754854,0.9095971973867574,0.12113983702319331,-0.6773678591945789,6.326202522601852,5.350910661036116,7.998442214179915,-12.917551273687144,2.2130038987014045,-2.1814452559708535,5.692913568759021,-0.10200371429101729,-1.488298075410908,5.651362260554005,-0.16654223542858837,2.0741674538470916,2.2670711199717504,2.295891558507141,5.566367448885849,3.8939007751178094,2.43861354251096,0.3835041014906828,4.9255706338621605,-12.917551273687144,-1.2651545240966975,-0.10200371429101729,-1.488298075410908,0.680755624958616,-2.874592436530799,3.9211133386426926,-12.917551273687144,6.338643738557407,4.645099967585725,-12.917551273687144,1.2362814276424068,8.01357320274491,2.742178661135739,-0.7951508948509627,-12.917551273687144,2.3457633885473816,-12.917551273687144,6.210751445270694,-0.10200371429101729,5.420956079694963,4.688608155827259,-12.917551273687144,-1.2651545240966975,3.165662274746569,1.5913156821236125,-12.917551273687144,-12.917551273687144,3.01151159491931,2.398407122032846,-2.874592436530799,2.537053615324065,5.664362246666949,2.8358345808439998,2.9861937869349893,-12.917551273687144,6.560969326554559,5.175792016536214,5.389255694838101,-12.917551273687144,3.9019145558413832,2.155845484861377,-12.917551273687144,-0.041379092474581824,1.0374305688971557
7.661375956387924,-10.742837349574396,7.616712700319721,-10.742837349574396,-10.742837349574396,-10.742837349574396,3.7826512363609766,-10.742837349574396,9.006649069916655,1.1923840709154696,3.889260971419196,5.356461971152234,6.390881102181293,4.035353589916687,1.885531251475415,9.492001515320961,9.532959408454431,7.472155495244067,1.597849179023635,2.1086748027896256,3.7950737563596366,4.397836875451329,-10.742837349574396,0.4992368903555242,8.656320675384393,-10.742837349574396,0.7869189628073059,-10.742837349574396,7.668586907026118,2.4451470394108377,0.7869189628073059,2.658721139708897,-10.742837349574396,-10.742837349574396,2.3450635808538554,3.731357941973503,10.293950701392857,0.09377178224736049,7.864627964589532,4.4695288039075205,2.1086748027896256,4.283426524273779,4.51261239004394,-10.742837349574396,1.4800661433672513,3.7950737563596366,1.7985198744857858,3.9545014932877125,1.597849179023635,0.4992368903555242,3.229265998175997,-10.742837349574396,-10.742837349574396,3.5902793437135347,7.07151943304952,-10.742837349574396,-10.742837349574396,0.4992368903555242,2.4451470394108377,4.045015500828505,1.0100625141215147,5.748013811343403,-10.742837349574396,8.14335846901758,9.000707121306524,-10.742837349574396,4.064063695799357,9.503823298554629,3.9332240948402504,1.4800661433672513,1.3465347507427285,2.3963568752414073,-10.742837349574396,9.013091180506247,6.685445514256017,3.559507685046521,4.930053689198759,-10.742837349574396,-10.742837349574396,0.4992368903555242,4.110154802999637,-10.742837349574396,-10.742837349574396,2.233837945743632,3.7700724541540094,4.789696331503872,-10.742837349574396,1.3465347507427285,-10.742837349574396,0.4992368903555242,-10.742837349574396,9.059042472575637,8.863511975347048,1.4800661433672513,-10.742837349574396,2.5786784320353604,1.1923840709154696,-10.742837349574396,3.1382942199703923,-10.742837349574396
11.809787297981861,-8.777951381724144,-8.777951381724144,-8.777951381724144,-8.777951381724144,3.382354713773248,-8.777951381724144,-8.777951381724144,10.52853616760075,-8.777951381724144,4.247352151259854,7.1917911304262825,7.93095454827293,9.34753945186074,3.248823321148725,-8.777951381724144,9.464573624149688,9.000034489376034,-8.777951381724144,5.918033688934273,1.9960603526533571,-8.777951381724144,7.59077173225515,-8.777951381724144,9.200581322820312,8.91574420250076,-8.777951381724144,-8.777951381724144,3.094672641321468,3.248823321148725,-8.777951381724144,5.430047557138238,1.9960603526533571,4.966474818223059,3.9419705017086706,4.768649074893139,10.759488426607199,4.136126516149629,13.82011826799701,2.912351084527513,-8.777951381724144,-8.777951381724144,5.397257734314955,5.579579291109258,1.9960603526533571,3.9419705017086706,2.912351084527513,7.04591635990282,2.4015254607615226,2.912351084527513,3.5001377494296317,7.7814228143019735,-8.777951381724144,-8.777951381724144,8.823147728568031,2.4015254607615226,-8.777951381724144,-8.777951381724144,-8.777951381724144,5.537019676690386,-8.777951381724144,3.7008084448917824,-8.777951381724144,10.024189412085116,10.277278013940007,-8.777951381724144,7.775259466594252,7.137723909155961,8.160427234638798,-8.777951381724144,4.298645445647404,4.393955625451728,-8.777951381724144,6.758234287451039,3.7008084448917824,6.4445767285958935,3.7878198218814134,-8.777951381724144,-8.777951381724144,-8.777951381724144,2.6892075332133025,-8.777951381724144,-8.777951381724144,4.521788996961613,-8.777951381724144,2.912351084527513,-8.777951381724144,3.094672641321468,-8.777951381724144,-8.777951381724144,-8.777951381724144,8.667460186349043,9.592954790797892,2.6892075332133025,-8.777951381724144,9.416639258064148,-8.777951381724144,-8.777951381724144,1.9960603526533571,-8.777951381724144
5.955213012976071,-10.070314573543868,-10.070314573543868,-10.070314573543868,-10.070314573543868,-10.070314573543868,-10.070314573543868,-10.070314573543868,7.866380213587616,1.7308153225058795,5.719799369070083,6.089658621724011,6.34263005121262,6.826608424942412,3.0300983066361393,-10.070314573543868,8.66440077818903,4.544226039265601,-10.070314573543868,-10.070314573543868,2.5040052107393613,2.578113182893082,3.652627919982132,-10.070314573543868,5.212055411841499,5.098111152492106,0.6322030338377687,2.5040052107393613,2.0184973949576595,5.42799357943449,1.325350214397714,7.646568047878149,-10.070314573543868,3.549973765922049,2.423962503065825,0.6322030338377687,7.757888297081224,6.54028597200667,9.948883441585277,-10.070314573543868,1.7308153225058795,-10.070314573543868,7.90737535329054,2.5040052107393613,1.0376681419459342,5.612379120449171,1.5484937657119247,7.964245175168645,2.24164094627187,1.0376681419459342,5.257175847121938,3.9994988638234794,-10.070314573543868,-10.070314573543868,5.788380633224567,1.325350214397714,2.423962503065825,-10.070314573543868,1.0376681419459342,2.578113182893082,1.325350214397714,5.5150049564240575,-10.070314573543868,8.799413126604842,8.205477326262375,-10.070314573543868,5.511209885455509,12.715817042604554,4.759337418882822,1.0376681419459342,1.7308153225058795,-10.070314573543868,-10.070314573543868,7.764301144709589,1.8849660023331367,7.6652685037853425,4.345775100541861,1.0376681419459342,1.325350214397714,1.0376681419459342,4.471655346430799,-10.070314573543868,-10.070314573543868,5.825159884727966,-10.070314573543868,0.6322030338377687,3.435563414744305,3.928039899841334,-10.070314573543868,2.8834948324442653,-10.070314573543868,8.719996966850207,7.0148647172562075,4.173162357874972,-10.070314573543868,3.7232454871960847,-10.070314573543868,-10.070314573543868,2.423962503065825,-10.070314573543868
2.658491424401282,-11.434424038746064,-11.434424038746064,-11.434424038746064,-11.434424038746064,-0.7914961214297627,-11.434424038746064,1.5598791357337145,8.101115256742343,4.142977811700778,2.4666004165917013,6.981467099197205,6.584072890725067,3.3275410533823324,0.817941791004337,7.700584369171398,9.242690692029294,7.740782707404511,0.817941791004337,1.4057284559064556,2.4471823307338063,4.689142801912225,-11.434424038746064,0.30711616723834645,6.143874324585345,4.01252492330337,-0.7914961214297627,0.5947982396901281,1.2234068991125024,1.0002633477982918,-11.434424038746064,6.915341688520979,-11.434424038746064,2.522689883242343,1.2879454202500735,0.30711616723834645,8.377240700691342,-11.434424038746064,9.385980176426143,2.8328448115462415,4.076038329025801,-11.434424038746064,3.2775306328080287,0.5947982396901281,-0.38603101332159895,2.25302631629366,1.2234068991125024,7.440013000197366,0.7125812753465102,4.117475518889852,1.5598791357337145,4.361795473067965,-11.434424038746064,3.359543784468662,5.754571671790068,-0.38603101332159895,-1.484643301989708,5.740838170792554,-11.434424038746064,7.021691146091645,-11.434424038746064,4.999991933645542,2.276556813703854,7.4943953309707965,8.482757576290073,-11.434424038746064,3.539237218856429,7.8797906053238735,3.0797048894777266,7.634787194626631,-11.434424038746064,2.098875636466401,2.9580079545005464,8.114422854090341,1.0803060554718282,7.090441367842305,2.592894141915931,-11.434424038746064,1.0803060554718282,5.595383197932873,2.386557708917781,-11.434424038746064,-11.434424038746064,9.296747522015778,2.575799708555932,2.734864403186055,-11.434424038746064,1.734232522878493,0.9132519708086626,-11.434424038746064,-11.434424038746064,9.156032239681954,6.435803203152888,-11.434424038746064,-11.434424038746064,4.02474503463825,4.650921589092004,-11.434424038746064,2.7050114400365874,-11.434424038746064
3.1365940080073926,5.251482298683023,1.0467896792920737,-12.461160609884228,-12.461160609884228,-0.3395046818278171,3.803630044563648,0.23585946307574446,5.740682739784957,2.4049131634451397,5.580284828573262,5.056644933957244,-12.461160609884228,4.024301406732526,5.25809389301535,-0.9272913467299357,7.01115420443485,4.572332876523134,-12.461160609884228,-0.9272913467299357,1.725950617876924,1.4886224315706347,-12.461160609884228,0.2964840848921799,6.669703487981124,-12.461160609884228,3.9630577814918,-12.461160609884228,5.057148585441063,5.381171327163872,4.018627632646571,2.027618932303394,-12.461160609884228,-0.23414416616999034,0.17132094193817338,0.23585946307574446,5.492377795455693,0.7954752510111671,9.504327223728536,5.158573875799509,3.0505193992361344,-0.7449697899359808,3.685847008907243,-1.4381169704959262,-0.9272913467299357,5.927063155525077,-0.7449697899359808,4.804106294959216,0.759107606840292,-0.9272913467299357,5.604169201443807,1.2009403591193326,-12.461160609884228,2.446877362544181,4.23291271768844,-0.45728771748420094,-12.461160609884228,-1.1504348980441463,-1.8435820786040917,2.964528951380662,-12.461160609884228,6.980213070116438,2.8926163697902947,5.699956063548409,5.248575923375815,-12.461160609884228,2.9726590774637813,5.329226154769458,2.8523424706523457,-12.461160609884228,-12.461160609884228,0.2964840848921799,-1.1504348980441463,6.490289055684608,-0.051822609376035444,6.534923593038253,3.8518321463815886,2.2168609319421515,-0.3395046818278171,4.32811851880681,2.3832516666639556,-12.461160609884228,-12.461160609884228,7.036794828663703,0.10232807045122172,1.869989988100123,2.587234720239036,3.8159001371555217,2.0583905909701645,2.8151288743118252,2.2168609319421515,3.775005549988835,4.930641807753507,3.33820147168787,-12.461160609884228,0.5077931785593872,4.8328714613623545,-12.461160609884228,0.5987649567651125,-1.8435820786040917
6.246597108951287,-11.185898786725343,-11.185898786725343,-11.185898786725343,-11.185898786725343,-11.185898786725343,1.5154237967594888,3.0035008521888535,8.473192980630774,6.375789757736444,1.967408920502546,4.606466250117792,5.296361395291313,6.465196345452033,0.8222766161995434,-11.185898786725343,10.318687047746907,7.261626987299641,1.6489551893840115,2.342102369943957,3.295207074940593,1.2742617399426006,-11.185898786725343,-11.185898786725343,7.694552745071916,3.5948653384391394,-11.185898786725343,1.07359104448045,2.5652459212581675,1.441315824605768,-11.185898786725343,5.826222922144989,1.07359104448045,2.846658380695729,1.5154237967594888,7.125680213404859,7.501337250733899,2.0118606830733814,9.89777861938084,4.95629966223975,4.3231038388105,-0.43048635229582466,3.567714349373172,2.4872843797884556,-0.43048635229582466,-11.185898786725343,4.091302224753047,2.7681867652547254,0.8222766161995434,5.00541667720476,1.441315824605768,4.745663380277972,-11.185898786725343,2.054420297492177,5.831959075540516,0.26266082826412074,-11.185898786725343,-11.185898786725343,-0.43048635229582466,6.290939348494815,-11.185898786725343,5.669832599724227,2.431714528633645,8.0572780284296,6.1802096924219345,-11.185898786725343,4.877781345105372,7.378242954448568,7.5293135795380834,0.8222766161995434,-11.185898786725343,2.095242292012431,-0.43048635229582466,7.618142174068927,6.630848014614612,7.139441302946823,6.4132635967103795,2.7681867652547254,1.820805446310672,5.917778130939006,2.342102369943957,-11.185898786725343,-11.185898786725343,5.971430844431351,3.4196612494139274,2.310353671629377,-11.185898786725343,1.07359104448045,-11.185898786725343,-11.185898786725343,-11.185898786725343,7.20987717612717,5.493769445118663,0.8222766161995434,-11.185898786725343,3.511095455373625,-0.43048635229582466,-11.185898786725343,3.751563790345072,-11.185898786725343
2.4981873660506384,-10.504938960825685,-10.504938960825685,-10.504938960825685,-10.504938960825685,0.9721310625555883,0.7489875112413795,0.9721310625555883,8.941903799736279,3.14688278403975,2.9462120885775978,6.543524349166015,2.7638905317836446,3.987665963405364,3.4735670142943373,1.3086032991768022,8.389230869021915,3.14688278403975,1.6652782431155337,-10.504938960825685,1.7605884229198594,-10.504938960825685,6.451936305148961,2.0017504797367476,7.482686977846584,-10.504938960825685,-10.504938960825685,0.9721310625555883,1.927642507583025,1.1544526193495432,-10.504938960825685,3.370026335353156,-10.504938960825685,3.388044840856205,2.7299889801079615,0.9721310625555883,8.486167589076004,8.597823690904889,11.823799410287949,5.433430878123918,-10.504938960825685,-10.504938960825685,8.14823267768276,1.1544526193495432,1.442134691801325,3.5673857695122706,1.927642507583025,3.680181263657687,1.5599177274577087,4.907870594600936,3.7694123973854445,5.487376541015662,-10.504938960825685,2.6207896881429704,7.137968996608341,1.1544526193495432,-10.504938960825685,-10.504938960825685,0.46130543878959784,7.343400970991146,-10.504938960825685,5.602968995292183,-10.504938960825685,8.198340072656258,7.7332407611962335,-10.504938960825685,2.8284290529212157,5.601017775160983,5.029119838233764,6.926412818535853,-10.504938960825685,0.055840330681434125,-10.504938960825685,8.074136469196953,2.0707433512236992,10.170641738778192,7.742232176238923,3.8844817271701775,-10.504938960825685,-10.504938960825685,1.442134691801325,0.055840330681434125,-0.6373068498785113,8.291731056609924,-10.504938960825685,2.8284290529212157,-10.504938960825685,4.182974715726392,0.46130543878959784,0.055840330681434125,-10.504938960825685,5.863982820661806,8.482780533120104,4.931037653882535,-10.504938960825685,8.397846454204311,0.055840330681434125,-10.504938960825685,3.388044840856205,-10.504938960825685
2.2920718383266987,-11.615555899049209,-0.1589332597855435,-11.615555899049209,-1.0752239916596995,-11.615555899049209,5.534798879017132,2.6975369464345604,8.262805741457372,3.5198958584747784,6.195088894419314,8.078651843335354,-1.0752239916596995,6.2987778676904576,2.06027022426945,5.765857154054424,8.506438528301945,2.0817764294904144,1.6656160322655023,-11.615555899049209,2.6742800842704995,2.406016097675341,-11.615555899049209,1.842546740424579,8.297702807536236,-11.615555899049209,-11.615555899049209,0.4288534051165751,1.992828943473917,1.7579893523965158,-11.615555899049209,5.482973811152565,-11.615555899049209,1.945200894484664,1.2761512655037777,5.610012540777043,8.220743466283919,8.511392950959973,9.669615206086089,6.04562450278313,1.6656160322655023,-11.615555899049209,8.115474740061192,0.02338829700840961,-1.0752239916596995,5.157224024890773,0.716535477568355,8.917075399395346,0.716535477568355,-11.615555899049209,4.252652177129802,4.950641982165555,-11.615555899049209,4.430107544272606,7.486942565399268,-0.1589332597855435,-11.615555899049209,-11.615555899049209,-11.615555899049209,4.257494801605546,-1.0752239916596995,5.348834330944664,-11.615555899049209,7.258286717323237,7.124514968971083,-11.615555899049209,3.5595049965697285,7.608076682687465,6.505220625979977,-1.0752239916596995,1.5989246577668297,7.950532265868269,-11.615555899049209,8.563842181999199,0.5342139207744001,3.05994256508256,4.38436152248438,3.529946194328189,0.870686157395614,-0.6697588835515358,3.4680707906101125,2.5883376544695675,-11.615555899049209,4.7162640634155775,-11.615555899049209,4.048739987743495,-11.615555899049209,3.4301258590458987,-1.0752239916596995,2.0817764294904144,-11.615555899049209,7.8817069018067984,6.749221939217914,4.633546024507512,-11.615555899049209,6.873337893894152,-0.1589332597855435,-11.615555899049209,3.8075779309264925,-11.615555899049209
3.1225627036442747,0.7156175953261243,-12.356373536726121,-12.356373536726121,-0.20067313654802987,0.1177805945705046,-12.356373536726121,-0.3342045291725526,5.73851078681788,-0.48835520899981155,4.339958528302473,6.128379096265026,0.4924740440119155,6.102632416635441,2.737165158586868,-12.356373536726121,6.729210494507106,6.986511504758907,-1.181502389559757,2.5073770645540225,2.5320696771444453,1.1210827034342898,5.03643349895509,-0.6706767657937664,5.971549245377717,2.1507021206153905,0.20479197156013385,-12.356373536726121,0.20479197156013385,2.945631995485246,-0.8938203171079753,1.7803283323178398,-0.6706767657937664,-0.20067313654802987,0.6643243009385742,0.20479197156013385,6.48002469179876,6.95286742422914,9.442804253447061,3.1752064371298037,-1.5869674976679207,-12.356373536726121,3.7384785362682678,3.660056574492482,-0.6706767657937664,3.9244430843408153,8.164300841890697,3.693694933641307,-0.08289010089164606,3.310872302282948,1.8307591859448618,0.6643243009385742,-12.356373536726121,-1.181502389559757,5.41564331232689,-1.181502389559757,-12.356373536726121,1.7088693683360177,0.20479197156013385,2.364276220913295,4.253674159705426,3.973714133347557,-12.356373536726121,7.967423465381554,8.04316814672458,-12.356373536726121,2.010344762920358,8.55415805233287,3.2211435323168613,-0.6706767657937664,-12.356373536726121,5.903003401166879,-0.48835520899981155,6.247820609720269,0.20479197156013385,6.617704331282885,4.186030046009693,0.7644077594955565,-1.181502389559757,-12.356373536726121,2.819751749596141,0.42793552287434444,-0.08289010089164606,4.760421711988071,-1.5869674976679207,-0.8938203171079753,1.153872526257281,1.185621224571861,0.8553795377012836,-0.48835520899981155,-12.356373536726121,7.528897346085375,5.1350604313854165,3.654779517391664,-12.356373536726121,0.9387611466403349,-12.356373536726121,-12.356373536726121,1.1210827034342898,-12.356373536726121
