k__Bacteria;p__Firmicutes;c__Clostridia;o__Clostridiales;f__Lachnospiraceae;g__Roseburia,k__Bacteria;p__Firmicutes;c__Clostridia;o__Clostridiales;f__Ruminococcaceae;g__Faecalibacterium,k__Bacteria;p__Firmicutes;c__Clostridia;o__Clostridiales;f__Lachnospiraceae;g__Dorea,k__Bacteria;p__Firmicutes;c__Clostridia;o__Clostridiales;f__Lachnospiraceae;__,k__Bacteria;p__Firmicutes;c__Clostridia;o__Clostridiales;f__Lachnospiraceae;g__Clostridium,k__Bacteria;p__Firmicutes;c__Clostridia;o__Clostridiales;f__Ruminococcaceae;g__Gemmiger,k__Bacteria;p__Firmicutes;c__Clostridia;o__Clostridiales;f__Ruminococcaceae;g__,k__Bacteria;p__Firmicutes;c__Erysipelotrichi;o__Erysipelotrichales;f__Erysipelotrichaceae;g__[Eubacterium],k__Bacteria;p__Firmicutes;c__Erysipelotrichi;o__Erysipelotrichales;f__Erysipelotrichaceae;g__Catenibacterium,k__Bacteria;p__Firmicutes;c__Clostridia;o__Clostridiales;f__Clostridiaceae;g__Clostridium,k__Bacteria;p__Firmicutes;c__Clostridia;o__Clostridiales;f__Lachnospiraceae;g__Blautia,k__Bacteria;p__Proteobacteria;c__Gammaproteobacteria;o__Pasteurellales;f__Pasteurellaceae;g__Haemophilus,k__Bacteria;p__Firmicutes;c__Clostridia;o__Clostridiales;f__Ruminococcaceae;g__Oscillospira,k__Bacteria;p__Firmicutes;c__Clostridia;o__Clostridiales;f__Lachnospiraceae;g__Coprococcus,k__Bacteria;p__Firmicutes;c__Clostridia;o__Clostridiales;f__Ruminococcaceae;g__Ruminococcus,k__Bacteria;p__Firmicutes;c__Clostridia;o__Clostridiales;f__Lachnospiraceae;g__[Ruminococcus],k__Bacteria;p__Firmicutes;c__Clostridia;o__Clostridiales;f__Clostridiaceae;g__,k__Bacteria;p__Firmicutes;c__Clostridia;o__Clostridiales;f__Lachnospiraceae;g__Oribacterium,k__Bacteria;p__Firmicutes;c__Clostridia;o__Clostridiales;f__Ruminococcaceae;__,k__Bacteria;p__Firmicutes;c__Clostridia;o__Clostridiales;f__Lachnospiraceae;g__Lachnospira,k__Bacteria;p__Firmicutes;c__Erysipelotrichi;o__Erysipelotrichales;f__Erysipelotrichaceae;g__,k__Bacteria;p__Firmicutes;c__Clostridia;o__Clostridiales;f__Clostridiaceae;g__02d06,k__Bacteria;p__Firmicutes;c__Clostridia;o__Clostridiales;f__Lachnospiraceae;g__Moryella,k__Bacteria;p__Firmicutes;c__Clostridia;o__Clostridiales;f__Clostridiaceae;g__SMB53,k__Bacteria;p__Proteobacteria;c__Gammaproteobacteria;o__Pasteurellales;f__Pasteurellaceae;__,k__Bacteria;p__Firmicutes;c__Clostridia;o__Clostridiales;f__Lachnospiraceae;g__Shuttleworthia,k__Bacteria;p__Proteobacteria;c__Gammaproteobacteria;o__Pasteurellales;f__Pasteurellaceae;g__Aggregatibacter,k__Bacteria;p__Firmicutes;c__Clostridia;o__Clostridiales;f__Lachnospiraceae;g__Lachnobacterium,k__Bacteria;p__Firmicutes;c__Clostridia;o__Clostridiales;f__Lachnospiraceae;g__,k__Bacteria;p__Firmicutes;c__Clostridia;o__Clostridiales;f__Ruminococcaceae;g__Clostridium,k__Bacteria;p__Firmicutes;c__Erysipelotrichi;o__Erysipelotrichales;f__Erysipelotrichaceae;g__Clostridium,k__Bacteria;p__Firmicutes;c__Clostridia;o__Clostridiales;f__Ruminococcaceae;g__Anaerotruncus,k__Bacteria;p__Firmicutes;c__Erysipelotrichi;o__Erysipelotrichales;f__Erysipelotrichaceae;g__Holdemania,k__Bacteria;p__Firmicutes;c__Clostridia;o__Clostridiales;f__Ruminococcaceae;g__Anaerofilum,k__Bacteria;p__Firmicutes;c__Clostridia;o__Clostridiales;f__Ruminococcaceae;g__Subdoligranulum,k__Bacteria;p__Firmicutes;c__Clostridia;o__Clostridiales;f__Ruminococcaceae;g__Sporobacter,k__Bacteria;p__Firmicutes;c__Clostridia;o__Clostridiales;f__Lachnospiraceae;g__Butyrivibrio,k__Bacteria;p__Firmicutes;c__Clostridia;o__Clostridiales;f__Lachnospiraceae;g__Ruminococcus,k__Bacteria;p__Firmicutes;c__Clostridia;o__Clostridiales;f__Lachnospiraceae;g__Anaerostipes,k__Bacteria;p__Firmicutes;c__Clostridia;o__Clostridiales;f__Clostridiaceae;__,k__Bacteria;p__Firmicutes;c__Erysipelotrichi;o__Erysipelotrichales;f__Erysipelotrichaceae;g__cc_115,k__Bacteria;p__Firmicutes;c__Erysipelotrichi;o__Erysipelotrichales;f__Erysipelotrichaceae;g__Coprobacillus,k__Bacteria;p__Firmicutes;c__Erysipelotrichi;o__Erysipelotrichales;f__Erysipelotrichaceae;__,k__Bacteria;p__Firmicutes;c__Erysipelotrichi;o__Erysipelotrichales;f__Erysipelotrichaceae;g__Allobaculum,k__Bacteria;p__Firmicutes;c__Erysipelotrichi;o__Erysipelotrichales;f__Erysipelotrichaceae;g__Bulleidia,k__Bacteria;p__Firmicutes;c__Erysipelotrichi;o__Erysipelotrichales;f__Erysipelotrichaceae;g__Anaerorhabdus,k__Bacteria;p__Firmicutes;c__Clostridia;o__Clostridiales;f__Lachnospiraceae;g__Lactonifactor,k__Bacteria;p__Firmicutes;c__Clostridia;o__Clostridiales;f__Ruminococcaceae;g__Butyricicoccus,k__Bacteria;p__Firmicutes;c__Clostridia;o__Clostridiales;f__Lachnospiraceae;g__Hespellia,k__Bacteria;p__Firmicutes;c__Clostridia;o__Clostridiales;f__Lachnospiraceae;g__Epulopiscium,k__Bacteria;p__Firmicutes;c__Clostridia;o__Clostridiales;f__Clostridiaceae;g__Sarcina,k__Bacteria;p__Firmicutes;c__Clostridia;o__Clostridiales;f__Ruminococcaceae;g__Ethanoligenens,k__Bacteria;p__Proteobacteria;c__Gammaproteobacteria;o__Pasteurellales;f__Pasteurellaceae;g__Actinobacillus,k__Bacteria;p__Firmicutes;c__Erysipelotrichi;o__Erysipelotrichales;f__Erysipelotrichaceae;g__RFN20,k__Bacteria;p__Firmicutes;c__Clostridia;o__Clostridiales;f__Clostridiaceae;g__Thermoanaerobacterium,k__Bacteria;p__Firmicutes;c__Clostridia;o__Clostridiales;f__Lachnospiraceae;g__Marvinbryantia,k__Bacteria;p__Firmicutes;c__Clostridia;o__Clostridiales;f__Lachnospiraceae;g__Syntrophococcus,k__Bacteria;p__Firmicutes;c__Erysipelotrichi;o__Erysipelotrichales;f__Erysipelotrichaceae;g__Sharpea,k__Bacteria;p__Firmicutes;c__Erysipelotrichi;o__Erysipelotrichales;f__Erysipelotrichaceae;g__p-75-a5,diagnosis
992.9277580805524,813.9643949199917,6.753334458889076,192.28243945448065,36.95574690003189,83.29112499296528,83.66631024068133,0.0,0.0,8.629260697469375,203.9131821336785,0.0,199.03577391336967,345.54561314649106,49.524452698519895,4.877408220308777,0.0,21.385559119815408,63.03112161629805,174.4611401879678,36.20537640459977,0.0,3.564259853302568,0.0,0.0,2.4387041101543887,0.0,0.0,17.44611401879678,0.0,0.0,0.0,0.0,0.0,0.0,0.0,0.0,11.818335303055884,17.63370664265481,0.0,0.0,0.3751852477160597,0.0,4.314630348734688,0.0,0.0,0.0,0.3751852477160597,0.0,0.0,0.0,0.0,0.0,0.0,0.0,0.0,0.0,0.0,0.0,0
7.802442164397457,4.096282136308664,22.23696016853275,0.0,929.0758007256272,1.1703663246596183,85.63180275426208,3.1209768657589825,0.0,0.5851831623298093,11.118480084266375,0.0,32.770257090469315,29.25915811649046,72.56271212889635,310.5371981430188,0.0,0.0,71.1972847501268,0.3901221082198728,0.0,0.0,0.0,0.5851831623298093,0.0,0.0,0.0,0.0,0.3901221082198728,0.3901221082198728,53.251667772012645,0.0,0.0,0.0,0.5851831623298093,0.0,0.0,0.0,0.0,0.5851831623298093,0.5851831623298093,0.0,4.096282136308664,0.0,0.0,0.0,0.0,0.0,0.0,0.0,0.0,0.0,0.0,0.0,0.0,0.0,0.0,0.0,0.0,1
259.53408726053294,314.47326174592416,33.89104919553351,405.2655988013271,474.4746887374692,21.226499232992044,13.021297848810246,2.853983090150191,0.0,106.13249616496022,1623.3812564660554,0.7134957725375477,62.07413221076665,623.2385573115479,24.43723020941101,216.01084513574256,0.0,0.1783739431343869,12.307802076272695,1.6053654882094823,1.2486176019407085,8.383575327316185,109.69997502764797,19.62113374478256,0.0,0.0,0.0,0.0,0.1783739431343869,0.5351218294031608,27.469587242695585,0.0,2.853983090150191,0.0,3.5674788626877385,0.0,0.0,0.0,0.0,16.23202882522921,0.0,2.853983090150191,0.0,5.351218294031607,0.8918697156719346,0.0,0.0,0.0,0.0,0.0,0.0,0.0,0.0,0.0,0.0,0.0,0.0,0.0,0.0,1
128.34273447669506,721.4140537577931,12.103496311859145,513.3709379067802,567.4941195277353,223.34376213204231,28.317614012651585,0.0,0.0,11.418392747036927,380.6892141862112,5.937564228459203,150.4944164059467,302.35903994153784,73.53444929091782,70.10893146680674,0.0,13.930439151385052,29.23108543241453,23.065153349014597,0.4567357098814771,2.283678549407385,0.0,0.0,0.0,10.048185617392496,0.0,62.572792253762366,0.0,0.0,2.283678549407385,1.3702071296444314,1.8269428395259084,0.0,0.0,0.0,0.0,5.024092808696248,2.512046404348124,0.0,0.0,0.0,0.0,0.0,0.0,0.0,0.0,0.0,0.0,0.0,0.0,0.0,0.0,0.0,0.0,0.0,0.0,0.0,0.0,0
239.6895050612773,210.31836220912956,52.27364114757251,275.1796360076225,31.11942516477561,18.531792513855137,3.496564625255686,4.021049319044039,0.0,0.3496564625255686,74.12717005542055,0.0,276.05377716393645,52.97295407262365,6.643472787985804,14.5107431948111,0.0,53.32261053514922,107.86901868913792,16.084197276176155,14.16108673228553,0.0,310.1452822601794,0.0,0.0,0.0,0.0,0.0,0.0,0.5244846937883529,0.0,0.8741411563139215,0.8741411563139215,0.0,0.5244846937883529,0.0,0.0,0.0,3.846221087781255,0.0,0.0,0.8741411563139215,0.0,0.0,0.0,0.0,0.0,0.5244846937883529,0.0,0.0,0.0,0.0,0.0,0.0,0.0,0.0,0.0,0.0,0.0,1
0.0,0.5041508419319061,0.0,62.178603838268415,341.3101199879004,0.0,35.62665949652136,21.006285080496085,0.0,0.0,502.3022888448224,0.0,38.31546398682486,17.141128625684807,27.05609518367896,272.4095049238732,0.0,0.0,0.0,0.0,0.0,0.0,0.0,0.0,0.0,0.0,0.0,0.0,0.0,0.0,14.452324135381309,0.0,0.0,0.0,1.3444022451517494,0.0,0.0,0.0,0.0,0.0,0.0,0.0,0.0,0.0,0.0,0.0,0.8402514032198434,0.0,0.0,0.0,0.0,0.0,0.0,0.0,0.0,0.0,0.0,0.0,0.0,1
58.61263293586851,53.980019336126325,1.812761843377377,16.91911053818885,8.056719303899452,0.2014179825974862,1.409925878182404,0.0,0.0,0.0,60.02255881405092,0.0,8.056719303899452,41.89494038027715,31.62262326780535,2.618433773767322,0.0,0.0,1.812761843377377,18.32903641637125,23.565903963905896,0.0,1.812761843377377,0.0,0.0,0.0,0.0,0.0,0.6042539477924589,0.6042539477924589,0.4028359651949725,0.0,0.0,0.0,4.834031582339671,0.0,0.0,0.0,0.0,0.0,0.4028359651949725,0.0,0.0,0.0,0.0,0.0,0.0,0.0,0.0,0.0,0.0,0.0,0.0,0.0,0.0,0.0,0.0,0.0,0.0,1
275.97875127346816,77.68156018046864,11.461213797118322,151.7246397904235,28.0163003929559,91.14393829136952,26.924756221801776,1.4553922282055012,0.0,1.091544171154126,213.9426575462087,0.3638480570513753,95.51011497598604,84.41274923591908,93.69087469072916,19.28394702372289,0.0,0.0,20.739339251928392,51.84834812982098,1.2734681996798136,0.0,30.017464706738465,0.0,0.0,0.0,0.0,0.0,0.7276961141027506,0.545772085577063,5.639644884296318,2.5469363993596272,0.545772085577063,0.0,1.091544171154126,0.0,0.0,0.0,3.820404599039441,0.0,0.3638480570513753,1.637316256731189,0.0,0.0,0.0,0.0,0.0,0.0,0.0,0.0,0.0,0.0,0.0,0.0,0.0,0.0,0.0,0.0,0.0,1
45.82070800384303,761.9540314832607,11.085655162220087,249.0577193112113,22.17131032444017,66.51393097332053,5.912349419850713,0.0,0.0,8.86852412977607,606.0158155346982,4.434262064888035,79.81671716798463,201.7589239524056,8.86852412977607,126.376468849309,0.0,40.64740226147365,4.434262064888035,0.0,0.0,0.0,102.72707116990614,0.0,0.0,0.0,3.695218387406696,0.0,0.0,0.0,6.651393097332052,0.0,8.12948045229473,0.0,0.0,0.0,0.0,0.0,0.0,0.0,0.0,20.693222969477496,0.0,0.0,0.0,0.0,0.0,0.0,0.0,0.0,0.0,0.0,0.0,0.0,0.0,0.0,0.0,0.0,0.0,1
410.3675640231686,1575.5345889038651,14.75356089031365,382.49972678590944,86.5177953444319,101.27135623474555,299.2605005282139,0.5464281811227278,0.0,9.653564533168192,110.0142071327092,1.457141816327274,500.8924993625005,172.30701978070016,474.8460893956504,8.560708170922736,8.924993625004554,37.3392590433864,45.899967214309136,131.3249061964956,40.61782813012277,0.0,8.196422716840917,0.0,0.0,0.0,0.5464281811227278,1.6392845433681833,7.28570908163637,0.3642854540818185,0.0,1.0928563622454557,0.0,0.0,0.0,0.5464281811227278,0.0,0.0,24.95355360460457,2.54999817857273,0.0,0.0,0.0,0.0,0.0,0.0,0.0,0.0,0.0,0.0,0.0,0.0,0.0,0.0,0.0,0.0,0.0,0.0,0.0,0
302.7924923157413,208.29245961676804,13.243084167157152,296.9066771303381,78.96802040415932,19.946373683866327,47.41351121574783,0.6539794650447976,0.0,9.646197109410766,158.26303054084102,0.0,204.36858282649925,134.0657903341835,85.18082532208489,0.0,1.4714537963507948,10.627166306977962,144.03897717611667,19.61938395134393,18.311425021254333,1.1444640638283958,8.33823817932117,0.0,0.0,0.0,0.0,0.0,5.722320319141979,0.3269897325223988,0.817474331305997,0.0,1.634948662611994,0.3269897325223988,1.4714537963507948,0.0,0.0,18.80190962003793,2.77941272644039,0.0,0.0,0.0,0.0,0.0,0.0,0.4904845987835982,0.0,0.0,0.0,0.0,0.0,0.0,0.0,0.0,0.0,0.0,0.0,0.0,0.0,0
235.29674153043248,363.5390414166872,54.19631108236501,113.74534424693891,11.597564511452596,8.029083123313335,188.90648348462207,0.0,0.0,52.18904030153668,51.29691995450187,0.0,103.48596025603854,81.40598166692688,290.3851729598323,170.84104645716707,0.0,11.597564511452596,7.806053036554632,189.3525436581395,32.33936258001204,0.0,48.62055891339742,0.0,0.0,0.0,0.0,0.0,0.0,0.4460601735174075,0.0,0.0,0.6690902602761113,0.0,3.345451301380556,0.0,0.0,0.0,48.84358900015612,0.0,0.0,0.0,0.0,0.0,0.0,0.0,0.0,0.0,0.0,0.0,0.0,0.0,0.0,0.0,0.0,0.0,0.0,0.0,0.0,0
284.28682006896065,683.2735205122792,15.129125325452112,462.6697628597565,44.33185560481317,16.53648582084301,35.35993244669622,0.3518401238477235,0.0,4.92576173386813,78.81218774189009,1.93512068116248,344.97924143269296,233.9736823587362,30.78601083667581,12.138484272746464,0.3518401238477235,12.138484272746464,98.69115473928646,713.3558511012595,42.57265498557455,0.0,25.86024910280768,0.0,0.0,14.073604953908944,1.055520371543171,0.0,8.971923158116951,0.3518401238477235,1.583280557314756,0.0,1.759200619238618,0.0,0.0,0.0,0.0,91.1265920765604,25.86024910280768,0.3518401238477235,3.1665611146295123,0.879600309619309,0.7036802476954471,0.0,0.0,0.0,0.0,0.0,0.0,0.0,0.0,0.0,0.0,0.0,0.0,0.0,0.0,0.0,0.0,0
312.8331316175469,1278.183435794266,31.446288830288896,310.0812473783627,90.25111611615624,188.0899518821018,194.6891305916017,0.935106294868404,0.0,71.22838234626185,267.2533790733898,0.454194486078939,490.8506528377805,211.2805879948382,332.68410239146755,41.33169823318345,0.0267173227105258,11.381579474684,77.72069176491962,269.68465544004766,42.56069507786764,5.904528319026207,0.8816716494473522,0.0,0.0,0.0,0.0,0.0,6.519026741368301,0.7213677131841972,4.648814151631494,5.290029896684113,2.8053188846052115,1.549604717210498,0.0,0.0534346454210516,0.0,41.51871949215713,63.85440127815672,0.0,3.179361402552573,0.454194486078939,0.0,0.0,0.0534346454210516,0.0,0.0,0.0,0.0,0.0,0.0,0.0,0.0,0.0,0.0,0.0,0.0,0.0,0.0,0
456.2665656948126,695.4436450839329,28.39833396440742,576.8017165215197,143.88489208633092,35.97122302158273,21.45651899533005,0.0,0.0,13.252555850056796,392.52808279692033,5.679666792881484,74.46674239555723,212.0408936009088,112.96226176953174,17.670074466742395,0.0,25.87403761201565,6.941814969077369,5.048592704783542,164.0792629054651,0.0,177.96289284361984,0.0,0.0,0.0,0.0,0.0,1.893222264293828,0.0,0.0,0.0,0.0,0.0,1.2621481761958857,0.0,0.0,0.0,19.563296731036225,0.0,0.0,0.0,0.0,0.0,0.0,0.0,0.0,0.0,0.6310740880979427,0.0,0.0,0.0,0.0,0.0,0.0,0.0,0.0,0.0,0.0,0
833.5736536589127,1221.379276869002,4.254383585503117,121.0928911820048,154.07150219714643,0.0285529099698195,33.264140114839805,6.595722203028322,0.0571058199396391,22.471140146248004,371.7588878070508,0.2855290996981957,99.1928092351532,181.51084867814305,422.3546442735711,110.44265576326212,5.425052894265719,19.95848406890388,34.89165598311952,33.63532794444746,1.4276454984909788,5.881899453782832,14.64764281451744,0.0,0.0,0.0,0.0,0.0,1.9987036978873705,0.1713174598189174,7.537968232032368,1.1135634888229633,3.826089935955823,0.7138227492454894,3.940301575835101,0.0,0.0,0.0,11.592481447746747,0.0,3.626219566167086,1.0279047589135046,0.0,0.0,0.0,0.0,0.0,0.0,0.0,0.0,0.0,0.0,0.0,0.0,0.0,0.0,0.0,0.0,0.0,0
330.4665102945009,1905.6554599947876,27.62574928329424,31.27443315089914,162.62705238467552,27.62574928329424,359.6559812353401,69.32499348449309,0.0,6.776127182694814,355.4860568152202,26.583268178264262,168.36069846234037,89.13213448006255,759.9687255668491,45.34792806880375,2.0849622100599428,0.0,111.02423768569194,227.2608808965337,14.594735470419598,12.509773260359657,7.297367735209799,0.0,0.0,0.0,2.0849622100599428,0.0,0.0,0.0,11.467292155329684,1.0424811050299714,3.6486838676049,2.0849622100599428,15.63721657544957,0.0,0.0,0.0,0.0,0.0,0.0,0.0,0.0,0.0,0.0,0.0,0.0,0.0,0.0,0.0,0.0,0.0,0.0,0.0,0.0,0.0,0.0,0.0,0.0,0
165.5960028551035,99.214846538187,18.5581727337616,41.39900071377588,8.565310492505354,2.8551034975017844,44.25410421127766,7.851534618129907,61.384725196288365,4.282655246252677,22.12705210563883,44.96788008565311,22.12705210563883,29.978586723768736,6.423982869379015,10.70663811563169,0.0,10.70663811563169,14.989293361884368,18.5581727337616,0.0,0.0,11.420413990007138,0.0,0.7137758743754461,0.0,0.0,0.0,0.0,0.0,0.0,0.0,0.0,0.0,0.0,0.0,0.0,0.0,0.0,0.0,0.0,0.0,0.0,0.0,0.0,0.0,0.0,0.0,0.0,0.0,0.0,0.0,0.0,0.0,0.0,0.0,0.0,0.0,0.0,0
892.5675703698174,934.206760976945,27.683426026153064,368.36582766186,122.80243365309246,47.81871192232881,308.0221799194589,0.8502025970578844,0.5184162177182221,15.199963503498273,179.12317154600012,66.543905706311,150.17480994861458,247.2223259054658,589.936919114628,18.662983837856,0.1866298383785599,38.75679643661429,97.37930233619085,394.10000870939245,6.262467910036124,9.207072026675624,0.0,0.0,0.0,0.0,0.0,0.0,13.271455173586489,0.2073664870872888,0.0622099461261866,0.3110497306309333,0.7879926509316977,0.4147329741745777,0.0,0.0,0.0,0.0,11.177053654004869,0.0,0.0622099461261866,0.3939963254658488,0.0,0.0,0.1036832435436444,0.0,0.0,0.0,0.0,0.0414732974174577,0.0,0.0,0.0,0.0,0.0,0.0,0.0,0.0,0.0,0
135.96444820653898,333.44049876691923,23.48143867559802,201.199710246372,51.01210291137283,16.725946786257865,283.50683281378446,129.37173925429136,0.2441744056388009,23.09482920000325,105.01534229182096,1.9940909793835409,198.88005339280332,219.797660809194,353.6866265678032,48.69244605780422,0.0,0.2848701399119344,59.53785924159429,86.09182585481389,1.8923516437007075,2.7469620634365106,2.62487486061711,0.0,0.0,0.0,0.0,333.3794551655095,1.1191326925111709,0.4476530770044684,0.4476530770044684,0.6714796155067025,0.6714796155067025,0.4883488112776019,2.68591846202681,0.0,0.0,0.0,7.345580036300594,0.0,0.0,0.2034786713656674,0.0406957342731334,0.0,0.0406957342731334,0.0,0.0,0.0,0.0,0.0,0.0,0.0,0.0,0.0,0.0,0.0,0.0,0.0,0.0,0
50.6302410210432,515.7955804018776,85.9659300669796,638.151996202732,54.8494277727968,497.3366383629556,8.965771847476399,69.0891830599652,352.3020937714256,122.3564158008544,144.5071462475608,7.910975159537999,7.3835768155688,92.29471019461,1.0547966879384,1987.7643584199147,0.0,16.3493486630452,46.4110542692896,12.1301619112916,31.1165022941828,0.0,111.8084489214704,0.0,1.0547966879384,6.856178471599599,4.2191867517536,0.0,0.0,0.0,0.0,0.0,0.0,0.0,0.0,0.0,0.0,68.561784715996,33.7534940140288,0.0,0.0,0.0,0.0,0.0,0.0,0.0,0.0,0.0,0.0,0.0,0.0,0.0,0.0,0.0,0.0,0.0,0.0,0.0,0.0,0
275.9353741496599,394.1326530612245,152.6360544217687,168.3673469387755,73.55442176870748,66.3265306122449,100.34013605442178,55.69727891156463,50.595238095238095,53.99659863945578,114.79591836734694,35.28911564625851,50.17006802721089,56.972789115646265,31.887755102040817,19.982993197278912,8.928571428571429,6.802721088435375,11.904761904761903,6.377551020408164,1.7006802721088436,1.2755102040816326,0.8503401360544218,0.8503401360544218,0.4251700680272109,0.4251700680272109,0.4251700680272109,0.0,0.0,0.0,0.0,0.0,0.0,0.0,0.0,0.0,0.0,0.0,0.0,0.0,0.0,0.0,0.0,0.0,0.0,0.0,0.0,0.0,0.0,0.0,0.0,0.0,0.0,0.0,0.0,0.0,0.0,0.0,0.0,0
519.8685389901405,291.60442187033163,8.9632506722438,791.1562593367195,65.73050492978787,0.0,25.09710188228264,6.573050492978787,0.0,4.780400358530027,284.4338213325366,0.0,29.27995219599641,221.0935165820137,118.31490887361817,8.365700627427547,0.0,16.731401254855093,16.13385121003884,32.26770242007768,0.0,0.0,6.573050492978787,0.0,0.0,0.0,0.0,0.0,5.37795040334628,5.975500448162534,1.1951000896325068,3.5853002688975204,3.5853002688975204,0.0,2.3902001792650136,0.0,0.0,0.0,0.0,0.0,0.0,3.5853002688975204,0.0,0.0,0.0,0.0,0.0,0.0,0.0,0.0,0.0,0.0,0.0,0.0,0.0,0.0,0.0,0.0,0.0,1
13.693514253703473,810.4070708328146,7.884144570314121,102.49387941408358,184.24000995891947,0.0,122.41171832856136,15.768289140628244,0.0,0.0,114.11261878086228,0.8299099547699075,80.91622059006598,70.95730113282708,517.4488567990373,19.087928959707877,0.0,0.0,135.69027760487987,22.82252375617245,0.0,3.734594796464584,0.0,0.0,0.0,0.0,0.0,18.67297398232292,11.618739366778703,1.2448649321548613,2.074774886924769,101.24901448192873,1.659819909539815,2.904684841694676,8.714054525084029,0.0,0.8299099547699075,0.0,3.31963981907963,0.0,0.8299099547699075,11.618739366778703,0.0,0.0,0.0,0.0,0.0,0.0,0.0,0.0,0.0,0.0,0.0,0.0,0.0,0.0,0.0,0.0,0.0,1
460.1177120931291,2457.6464084804734,85.84528338698664,238.0255584820993,48.450557669170486,12.35651806327838,117.0617500731636,0.0,54.303645172828666,19.18512015087959,145.02650147953045,0.0,110.5583195135434,135.92169869606218,166.1626507982961,135.27135564010015,0.0,19.5102916788606,390.856176633174,74.46427990765129,9.429974311449287,15.60823334308848,1.95102916788606,0.0,0.0,0.0,0.0,79.34185282736644,0.32517152798101,1.30068611192404,0.32517152798101,0.65034305596202,0.97551458394303,1.62585763990505,3.90205833577212,0.0,189.24982928494785,48.450557669170486,31.54163821415797,0.65034305596202,0.0,0.0,0.0,0.0,0.0,0.0,0.0,0.0,0.0,0.0,0.0,0.0,0.0,0.0,0.0,0.0,0.0,0.0,0.0,1
97.90497056004382,522.3880597014926,1.3693002875530604,736.6835547035465,115.7058742982336,0.0,132.13747774887034,2.738600575106121,2.0539504313295907,15.062303163083666,1079.693276735588,0.0,254.0052033410927,182.8015883883336,576.4754210598385,157.46953306860195,0.0,1.3693002875530604,26.70135560728468,67.7803642338765,99.95892099137342,18.48555388196632,0.0,0.6846501437765302,0.0,0.0,0.0,0.0,1.3693002875530604,0.6846501437765302,4.107900862659181,1.3693002875530604,4.792551006435712,2.0539504313295907,13.693002875530604,0.0,0.0,0.0,4.792551006435712,0.0,0.0,2.0539504313295907,0.0,0.0,0.0,0.0,0.0,0.0,0.0,0.0,0.0,0.0,0.0,0.0,0.0,0.0,0.0,0.0,0.0,1
612.2017659214728,303.8364509809184,11.842140575937307,172.29811330882154,84.92458602828694,130.66611202061137,63.52151042645124,183.30157537371517,0.0,5.60237245377204,380.6090818818604,0.3354714044174874,202.7924639703712,206.86844153404363,389.14682912428543,26.837712353398995,0.2516035533131155,2.096696277609297,446.5963071307801,102.11749550468318,142.6256675880948,6.508145245699256,70.73414562142723,0.0,0.0,0.0,0.0,0.0,4.545637529856955,1.174149915461206,2.516035533131156,1.0064142132524625,2.14701698827192,0.0670942808834974,1.761224873191809,0.0,0.0167735702208743,0.0,4.931429644937065,0.0,0.1341885617669949,0.6206220981723518,0.0,0.0,0.2851506937548643,0.0,0.0,0.0335471404417487,0.0,0.0,0.0,0.0,0.0,0.0,0.0,0.0,0.0,0.0,0.0,0
428.76901798063625,1414.396536171748,21.64892657405737,239.94226952913584,72.16308858019123,93.210656082747,1446.8699260328342,29.466594503578087,98.02152865475976,40.89241686210836,156.95471766191594,2.4054362860063745,301.8822538938,215.8879066690721,649.4677972217211,28.263876360574898,1.8040772145047808,7.8176679295207165,566.4802453545011,86.59570629622948,0.0,13.22989957303506,10.22310421552709,0.0,0.0,0.0,4.209513500511156,168.3805400204462,21.64892657405737,14.432617716038246,6.013590715015936,9.621745144025498,4.209513500511156,3.006795357507968,1.2027181430031872,1.2027181430031872,0.0,0.0,0.0,0.0,0.0,0.0,0.0,0.0,0.0,0.0,0.0,0.0,0.0,0.0,0.0,0.0,0.0,0.0,0.0,0.0,0.0,0.0,0.0,0
274.13038470398527,752.5147815403517,135.52944789986947,483.7595024187975,408.12408815173154,70.26030868463488,39.545419642171545,0.0,0.0,172.00337863779467,861.1687015280658,7.294786147585042,74.09966981494279,239.1921984181832,3.0714889042463334,143.97604238654688,0.0,18.428933425478,9.982338938800584,0.0,396.222068647777,9.214466712739,22.65223066881671,0.0,0.0,23.804039007909083,0.0,0.0,0.0,0.7678722260615833,6.526913921523459,0.0,0.0,0.0,0.0,0.0,0.0,0.0,0.0,0.0,0.0,0.0,0.0,0.0,0.0,0.0,0.0,0.0,0.0,0.0,0.0,0.0,0.0,0.0,0.0,0.0,0.0,0.0,0.0,0
208.08941238098777,226.814723019818,15.676095127705446,107.23074547455371,75.33126012740249,5.199303371533228,366.4531564267104,1.876440314538308,0.0,11.981853258458154,98.4349315001554,1.0554976769277982,300.3477278457879,212.46777311491047,322.96274288662977,49.10018823041905,21.89180366961359,1.4464227424566125,284.6129939582531,346.47688557818793,28.49843727705055,7.603492524535435,0.0,0.0,0.0,0.0,0.0,0.0,9.245377799756454,17.005240350503414,3.87015814873526,1.680977781773901,0.8404888908869503,0.6450263581225433,4.104713188052548,0.0,0.0,1.4464227424566125,29.55393495397835,1.133682690033561,8.385342655593062,0.9773126638220352,2.423735406278648,0.0,0.1172775196586442,0.1563700262115256,0.0,0.0,0.0,0.0,0.0,0.0195462532764407,0.0,0.0,0.0,0.0,0.0,0.0,0.0,0
1044.8159345545082,1186.1995376133736,0.8892050506846878,296.10528187800105,169.83816468077538,54.24150809176596,171.61657478214477,12.44887070958563,0.0,17.784101013693757,801.1737506669037,0.0,129.82393739996442,386.8041970478392,167.17054952872132,9.781255557531566,0.0,60.465943446558775,10.670460608216256,138.7159879068113,0.0,23.119331317801883,0.0,0.0,0.0,0.0,0.0,62.24435354792815,3.556820202738751,0.0,34.67899697670283,0.0,0.0,0.0,1.7784101013693756,0.0,0.0,0.0,31.122176773964075,0.0,0.0,1.7784101013693756,0.0,0.0,0.0,0.0,0.0,0.0,0.0,0.0,0.0,0.0,0.0,0.0,0.0,0.0,0.0,0.0,0.0,1
96.8280467445743,350.5843071786311,14.190317195325544,181.96994991652755,99.3322203672788,104.34056761268782,105.17529215358933,0.0,0.0,20.03338898163606,112.68781302170284,0.0,357.2621035058431,181.96994991652755,165.2754590984975,1.669449081803005,0.0,63.43906510851419,10.851419031719534,76.79465776293823,4.173622704507513,3.33889816360601,33.3889816360601,0.0,0.0,0.0,0.0,0.0,30.884808013355595,0.0,3.33889816360601,6.67779632721202,0.0,0.0,0.0,0.0,0.0,0.0,6.67779632721202,0.0,0.0,0.0,0.0,0.0,0.0,0.0,0.0,0.0,0.0,0.0,0.0,0.0,0.0,0.0,0.0,0.0,0.0,0.0,0.0,0
840.6153846153846,401.2307692307692,18.76923076923077,192.30769230769232,122.76923076923076,0.0,27.692307692307693,0.9230769230769232,0.0,10.461538461538462,396.61538461538464,0.0,58.15384615384615,236.92307692307693,35.69230769230769,52.0,41.84615384615385,19.692307692307693,11.076923076923077,199.69230769230768,63.07692307692308,4.0,3.692307692307693,0.0,0.0,0.0,0.0,0.0,2.4615384615384617,0.6153846153846154,0.9230769230769232,0.0,1.2307692307692308,0.0,0.0,0.0,0.0,16.615384615384617,5.538461538461538,0.0,0.0,0.0,0.0,0.0,0.6153846153846154,0.0,0.0,0.0,0.0,0.0,0.0,0.0,0.0,0.0,0.0,0.0,0.0,0.0,0.0,0
439.1771054834741,510.0837594676498,68.68590789209925,803.0650226594712,238.87759955034804,14.916338795451598,401.1296326139164,0.7271469505029106,0.0,9.511868217389424,691.6739708905388,0.2947893042579367,877.3519273324712,381.9879804574344,346.2791694016563,32.38751822780532,0.6681890896513232,8.096879556951329,167.83337722418528,182.17979003140488,131.8887347250009,8.6864581654672,0.0,0.0,0.0,0.0,0.0,2.3190091934957686,15.918622429928584,1.6508201038444457,3.1837244859857163,7.585911429570904,5.050723412952649,1.709777964696033,2.417272294915081,0.0,0.0,0.0,16.665422000715356,0.0,0.0,0.1179157217031746,0.0,0.0,0.0,0.1179157217031746,0.0,0.0,0.0,0.0,0.0393052405677248,0.0,0.0,0.0,0.0,0.0,0.0,0.0,0.0,0
368.7761994705688,607.3010946726865,19.906331407065167,402.3747165015412,98.40819565080012,0.245757177865002,95.17824417028866,2.4575717786500206,0.0,24.61082595476664,411.6783810921449,2.3522472738507343,141.3103772723762,269.10410976217725,298.4545384329118,32.685704656045274,1.053245047992866,8.882366571406504,56.87523259161477,105.00853128488876,30.22813287739525,0.0702163365328577,32.72081282431171,0.0,0.0,0.0,0.0,0.0,24.82147496436521,2.001165591186445,0.2106490095985732,1.6851920767885855,1.158569552792153,0.3861898509307175,4.739602715967897,0.0,0.0,3.440600490110029,14.534781662301553,0.0,0.0,1.7203002450550144,0.0,0.0,0.0702163365328577,0.0,0.0,0.0,0.0,0.0,0.0702163365328577,0.0,0.0,0.0,0.0,0.0,0.0,0.0,0.0,0
1027.3044842090253,824.83781278962,69.15234904113495,177.51479289940826,277.32230697939684,32.08098666856776,24.238967705140087,1.4258216297141226,0.0,14.258216297141226,285.1643259428245,19.248592001140658,84.12347615313324,672.9878092250659,19.248592001140658,37.0713623725672,0.0,22.81314607542596,10.69366222285592,239.53803379197265,16.39694874171241,0.0,57.032865188564905,0.0,0.0,13.545305482284164,0.0,0.0,9.267840593141798,0.0,1.4258216297141226,0.0,0.0,0.0,0.0,0.0,0.0,44.2004705211378,14.258216297141226,0.0,0.0,2.8516432594282453,0.0,0.0,0.0,0.0,0.0,0.0,0.0,0.0,0.0,0.0,0.0,0.0,0.0,0.0,0.0,0.0,0.0,0
178.35011618900077,87.9163439194423,70.29434546862898,279.0472501936483,202.7498063516654,0.5809450038729668,17.621998450813322,9.876065065840434,0.0,1.1618900077459335,557.126258714175,0.3872966692486445,68.93880712625872,328.8148721920992,16.65375677769171,127.61425251742835,0.0,14.910921766072812,13.168086754453912,2.9047250193648337,138.26491092176607,3.872966692486445,0.0,0.0,0.0,0.0,0.0,0.0,0.5809450038729668,0.1936483346243222,0.0,0.0,0.774593338497289,0.0,1.3555383423702556,0.0,0.0,0.0,11.037955073586367,0.0,0.0,0.1936483346243222,0.0,0.0,0.0,0.0,0.0,0.0,0.0,0.0,0.0,0.0,0.0,0.0,0.0,0.0,0.0,0.0,0.0,0
410.41099489814536,202.577932836529,60.03255260603318,67.65978877300032,38.09968688188367,59.44864935880124,47.40564488464261,2.627564612543701,0.0,33.939376245356144,344.46642191388884,6.568911531359253,23.90353918355728,58.75526425271333,152.76368705705465,55.65327825179367,0.1459758118079834,11.860534709398651,2.99250414206366,109.1899072323716,32.44312417432431,4.415768307191498,9.15998219095096,0.0,0.0,0.0,0.0,179.14881504134763,0.9123488237998963,0.0,4.160310636527528,0.3649395295199585,0.8028669649439087,0.0,0.0,0.0,0.0,0.0,0.0,0.0,0.0,0.0,0.0,0.0,0.1094818588559875,0.0,0.0,0.0,0.0,0.0,0.0,0.0,0.0,0.0,0.0,0.0,0.0,0.0,0.0,0
374.2879411877911,414.2450252107309,17.248181363303953,150.90354489819484,38.65805781147762,0.81790539240214,205.89565451676225,2.020707440052346,0.0481120819060082,5.268272968707902,194.0841384088372,0.5051768600130865,1121.179900696663,271.47242215465144,360.0708209845656,6.182402524922058,0.1202802047650205,14.217120203225434,43.90227473923252,164.7838805280782,16.23782764327778,3.7046303067626334,0.5051768600130865,0.0,0.0,0.0,0.0,0.0,52.129440745159926,1.0825218428851853,0.0,1.6117547438512758,1.1065778838381894,2.309379931488395,0.3848966552480659,0.0,0.0,0.0,16.06943535660675,0.0,3.752742388668642,1.0825218428851853,0.0,0.0,0.0,0.0,0.0,0.0,0.0481120819060082,0.0,0.0,0.0,0.0481120819060082,0.0481120819060082,0.0,0.0,0.0,0.0,0.0,0
453.5175372611926,902.6688529413858,90.93131031733414,321.2257692499353,274.07532206816524,385.319054523192,195.10366216835104,2.8712652788093505,0.0,6.312037720357745,824.9548546926204,0.2847535813695223,221.30099165434711,404.9195927074608,430.4762266353754,148.11932124237987,0.3084830464836492,10.963012882726613,162.28581191551362,20.38361053303497,77.95129289990675,11.41387271989502,16.705543440345313,0.0,0.0,0.0,0.0,0.0,4.081467999629821,3.8679028136026794,0.7356134185379327,2.183110790499671,1.21020272082047,0.8305312789944402,0.0,0.0,0.0,0.0,39.41464155456472,2.254299185842052,0.0949178604565074,0.1186473255706343,0.0,0.0,0.0711883953423805,0.0,0.0,0.0,0.0,0.0,0.0,0.0,0.0,0.0,0.0,0.0,0.0,0.0,0.0,0
83.65844666723383,202.6843625550464,23.416262553831068,196.85055319907468,55.44144516421768,18.93962412442219,6.198422440719989,165.73690330055865,0.0,7.596105932254888,158.9510486677443,0.3038442372901955,66.92675733378707,47.41995729975652,16.6304079210167,18.14962910746768,0.3038442372901955,9.763528158258284,11.019417672391093,23.63908166117721,51.71428918679128,0.0,398.01569456767015,0.0,0.0,0.0,0.0,0.0,0.0,0.1417939774020912,0.0,0.1823065423741173,0.6684573220384302,0.0,0.8305075819265345,0.0,0.0,0.0,2.916904677985877,0.0,0.0,0.0,0.0,0.0,0.040512564972026,0.0,0.0,0.0,0.0,0.0,4.031000214716594,0.0,0.0,0.0,0.0,0.0,0.0,0.0,0.0,0
403.71880073348206,228.82771347481284,15.136827106132984,302.85333862810825,24.994452165991195,19.294782700101614,146.46281783249046,1.1913243555752813,0.1401558065382683,58.818720143893295,178.9322463471893,0.2569523119868253,170.1491491374578,621.61436129831,312.5474485803385,3.270302152559595,0.3503895163456709,47.88656723390836,68.76978240811034,161.87995655169996,18.196895548885177,0.0233593010897113,9.670750651140516,0.0,0.0,0.0,0.0,0.0,66.59736740676719,4.975531132108527,1.3314801621135497,1.074527850126724,1.238042957754704,0.0,2.2658522057020054,0.0,0.0,0.0,0.1167965054485569,0.0,4.601782314673145,0.4438267207045165,0.3036709141662481,0.0,0.0700779032691341,0.0,0.0,0.0,0.0,0.0,0.0,0.0,0.0,51.53061820390334,0.0,0.0,0.0,0.0,0.0,0
127.41750743953834,13.618602408053883,50.17235615522467,44.22620580804621,60.74937935343151,0.6850403625781631,4.3020534769908645,17.64663974001348,0.0,99.3856558028399,167.34165977059368,0.1644096870187591,6.220166492209721,16.16695255684465,7.261427843328529,72.09364775772589,0.0,0.6028355190687835,4.384258320500244,1.205671038137567,52.77550953302168,0.2740161450312652,0.0,0.0,0.0,0.0,0.0,0.0,0.1370080725156326,0.0274016145031265,0.2466145305281387,0.0,0.6028355190687835,0.0,0.1096064580125061,0.0,0.0,0.0,0.3288193740375183,0.0,0.054803229006253,0.0,0.0,0.0,0.0,0.0,0.0,0.0,0.0,0.0,0.0,0.0,0.0,0.0,0.0,0.0,0.0,0.0,0.0,0
1400.8775368370425,239.23010061185187,7.101344710634406,117.71188992347592,26.15188545436297,1.9694395997492755,132.17969621394175,1.7421965690089742,0.094684596141792,13.426275732906117,211.79050464996047,4.469112937892586,187.6269957145752,43.4412927098542,1030.0547845073277,7.6505153682568,0.227243030740301,35.96120961465263,363.6267230229383,139.73552698605675,22.553870800974877,1.4202689421268813,0.0,0.0,0.0,0.0,0.0,0.0,5.62426501082245,3.7684469264433247,1.609638134410465,3.4275823803328733,2.5754210150567447,0.2083061115119425,0.9468459614179208,0.0,0.0,0.0,8.61629824890308,0.0,0.094684596141792,3.541203895703024,0.0,0.0,0.0189369192283584,0.0,0.0,0.0,0.0,0.0,0.0378738384567168,0.0,0.0,0.0,0.0,2.8784117227104797,0.0,0.0,0.0,0
189.5697926338595,730.4240173320953,23.986381925100588,384.5558650572578,119.93190962550294,0.0,261.52893840916124,63.4478489631693,92.07675642216032,44.10399257195915,168.6784277313525,50.29402661714639,245.2800990405447,85.88672237697307,115.2893840916125,65.76911173011452,1.547508511296812,47.972763850201176,106.00433302383163,58.805323429278864,5.416279789538843,3.8687712782420314,7.737542556484061,0.0,0.0,0.0,21.66511915815537,0.0,8.511296812132466,0.0,0.0,2.3212627669452184,2.3212627669452184,0.0,3.8687712782420314,0.0,0.0,20.891364902506965,37.14020427112349,0.0,0.0,0.0,0.0,0.0,0.0,0.0,0.0,1.547508511296812,0.0,0.0,0.0,0.0,1.547508511296812,0.0,0.0,0.0,0.0,0.0,0.0,0
741.315939328053,836.5688253869648,13.459646943107108,144.43236527411088,172.90469534606822,36.75518972925403,40.37894082932132,0.0,0.0,8.800538385877724,195.6825594036341,2.0707149143241703,91.62913495884456,154.78593984573175,24.330900243309003,0.0,51.76787285810426,21.74250660040379,20.18947041466066,239.68525133302276,62.63912615830616,1.553036185743128,12.424289485945025,0.0,0.0,0.0,0.0,0.0,0.0,0.0,3.6237511000672975,0.0,1.0353574571620852,0.0,0.0,0.0,0.0,18.11875550033649,15.012683128850236,0.0,0.0,1.0353574571620852,0.0,0.0,0.0,0.0,0.0,0.0,0.0,0.0,0.0,0.0,0.0,0.0,0.0,0.0,0.0,0.0,0.0,0
864.3328746448019,778.7998347959978,43.09007614990931,224.2625297148328,68.61295252668863,25.008992959797187,45.183675256132815,68.49875621180371,0.1141963148849186,24.152520598160297,473.2104961639554,0.1332290340324051,197.1028394913696,81.78359417674925,391.10334576169896,3.977838301824667,0.0570981574424593,7.993742041944307,29.272322048834152,166.46016166391644,15.264240756284128,6.014339250605716,4.739147067724125,0.0,0.0,0.0,0.0,0.0,3.863641986939748,0.2093599106223508,2.055533667928536,0.5900142935720798,0.7993742041944306,0.0,1.0848649914067272,0.0,0.0,58.39238234448841,11.000911667247165,0.0,0.0380654382949728,0.6280797318670527,0.0,0.0,0.4187198212447017,0.0,0.0,0.0,0.0,0.0,0.0,0.0,0.0,0.0,0.0,0.0,0.0,0.0,0.0,0
272.7967118902994,42.04706652602481,84.91858533687363,261.23013130615067,93.26010257156368,1.309424217073437,30.747220504613296,1.794396149322858,0.2909831593496526,45.611610228058055,112.0042677530038,3.758532474933013,18.744165181440124,172.48026770450662,8.826489166939464,362.12854181064273,0.0484971932249421,0.0,32.0808933182992,1.285175620460966,1.2609270238484949,0.0484971932249421,204.3429236532936,0.0484971932249421,0.0,0.0,0.0,0.0,0.9699438644988422,0.0484971932249421,0.6789607051491895,0.1697401762872973,0.1212429830623552,0.0,0.5819663186993053,0.0,0.0,0.0,0.9941924611113132,0.0,0.0484971932249421,0.4122261424120079,0.0,0.0,0.0484971932249421,0.0,0.0,0.0,0.0,0.1454915796748263,0.0,0.0,0.0,0.0,0.0,0.0,0.0,0.0484971932249421,0.0,0
215.89633756466608,238.05158976789525,7.22113669186985,171.2281297926662,4.828995434810798,7.645909438450429,86.89956136624801,2.056794351863858,0.1117823017317314,0.5589115086586571,197.25104963581327,0.1564952224244239,89.67176244919494,136.57561625582946,57.187825565953794,45.02591113754142,0.2235646034634628,14.062213557851813,21.395132551453397,17.52746491153549,12.87732115949546,0.9613277948928902,3.822954719225215,0.0,0.0,0.0,0.0,0.0,8.875514757499475,0.0,0.0447129206926925,0.0670693810390388,1.2296053190490457,0.1117823017317314,0.0,0.0,0.0447129206926925,0.9166148742001976,0.0223564603463462,0.0,0.0,0.1564952224244239,0.0,0.0,0.0670693810390388,0.0,0.0,0.0,0.0,0.0,0.0,0.0,0.0,0.0,0.0,0.0,0.0,0.0,0.0,0
285.06559031281535,925.832492431887,78.20383451059536,208.54355869492096,74.8402287251934,0.0,469.22300706357214,0.0,0.0,31.113353514968043,417.0871173898419,1.6818028927009754,224.5206861755802,351.49680457450387,371.6784392869156,42.88597376387487,0.0,5.045408678102926,99.22637066935756,237.13420787083757,131.18062563067608,5.886310124453414,0.0,0.0,0.0,0.0,0.0,591.9946182307433,5.886310124453414,0.8409014463504877,0.0,0.0,5.045408678102926,0.0,0.0,1.6818028927009754,0.0,0.0,7.568113017154389,0.0,0.0,0.0,0.0,0.0,0.0,0.0,0.0,0.0,0.0,0.0,0.0,0.0,0.0,0.0,0.0,0.0,0.0,0.0,0.0,0
33.137866027529626,455.0440985609943,0.0,296.1755984804706,82.66467094231662,0.2273610019041484,123.47597078411124,53.61930294906166,0.0,0.6062960050777291,288.50216466620566,1.705207514281113,180.22148750935497,47.992118151934,1042.5638742314725,21.75086918216353,0.1894675015867903,0.0,159.43690258528406,1.212592010155458,1.6294205136463968,6.347161303157476,0.0,0.0,0.0,3.1262137761820403,0.0,0.0,3.656722780625053,0.1136805009520742,21.18246667740316,5.418770545382204,3.448308528879584,0.0,16.521566138368115,0.0,0.0,0.0,2.917799524436571,0.0,0.0,16.597353139002834,0.0,0.0,0.0947337507933951,0.0,0.0,0.0,0.0,0.0,0.0,0.0,0.0,0.0,0.0,0.0,0.0,0.0,0.0,0
1145.147888318223,1024.3745501088997,41.38419484826952,394.4922913836162,52.60977342847686,109.66348724334507,238.2831576973908,2.1293881018125256,0.0,105.21954685695373,303.39151346259337,2.9626269242609053,155.2370217267023,564.9822126656929,508.7154466275816,80.61585607188073,86.49481887471097,21.38646310950841,131.7674615610729,247.14789294732773,43.30527324446995,3.656992609634555,2.4534254216535625,0.0,0.0,0.0,0.0,35.2737768169814,2.6154440815740805,1.1572761422894162,3.217227675564577,0.5554925482989198,0.5092015026073431,0.648074639682073,0.0,0.2546007513036715,0.0,0.0,4.536522477774511,0.6943656853736497,8.170369564563279,0.717511208219438,0.0,0.0,0.0694365685373649,0.0,0.0,0.0,0.0,0.0,0.0,0.0,0.0,0.0,0.0,0.0,0.0,0.0,0.0,0
487.0255082364608,353.69952068756544,23.69015481240703,574.6239876590822,176.29882651093604,89.25128092116137,343.7827116963253,40.76910363065396,0.0,8.264007492700127,268.3047765963308,1.1018676656933504,324.5000275466916,208.2529888160432,201.6417828218831,19.28268414963363,0.0,27.546691642333755,133.87692138174205,69.41766293868106,79.88540576276789,0.0,0.0,0.0,0.0,0.0,0.0,41.32003746350063,4.958404495620076,0.0,0.0,1.1018676656933504,4.958404495620076,1.1018676656933504,10.467742824086828,0.0,0.0,9.916808991240153,23.69015481240703,0.0,0.0,0.0,0.0,0.0,0.0,0.0,0.0,0.0,0.0,0.0,0.0,0.0,0.0,0.0,0.0,0.0,0.0,0.0,0.0,0
352.21892721502525,695.5933614276053,18.20925029915197,237.76078247749857,61.9114510171167,65.03303678268561,379.79293481088393,0.0,0.0,200.30175329067168,182.0925029915197,6.243171531137818,196.65990323084128,119.66078768014152,296.0303834347849,23.41189324176682,0.0,3.121585765568909,46.30352218927215,45.26299360074918,7.803964413922273,0.0,0.0,0.0,0.0,0.0,1.5607928827844546,0.0,30.695593361427605,0.0,0.0,0.0,1.5607928827844546,0.0,3.641850059830394,0.0,0.0,0.0,4.162114354091879,0.0,0.0,1.5607928827844546,0.0,0.0,0.0,0.0,0.0,0.0,0.0,0.0,0.0,0.0,0.0,0.0,0.0,0.0,0.0,0.0,0.0,0
414.3034218532848,646.8091499830973,31.92728092251061,1084.400706156331,53.33733989407655,93.52815234947224,610.7501032941441,0.0,129.5871990384254,12.395297299327648,267.81354467941253,110.05521541524246,382.3761409307741,341.4340983360252,235.5106486872253,57.0934905908425,0.0,14.273372647710625,313.2629681102805,338.0535627089359,29.67359050445104,0.0,0.0,0.0,2.629305487736168,0.0,1.1268452090297862,0.0,23.28813431994892,0.7512301393531908,0.0,0.0,0.0,0.7512301393531908,0.0,0.0,0.0,0.0,4.507380836119145,0.0,1.1268452090297862,0.0,0.0,0.0,0.0,0.0,0.0,0.0,0.0,0.0,0.0,0.0,0.0,0.0,0.0,0.0,0.0,0.0,0.0,0
526.6371546328804,776.0647229430621,36.94092504961075,280.87314913753625,116.01282246985193,18.6231109754236,65.94413066707372,39.38330025950236,0.0,8.548313234620668,429.85803694092505,7.021828728438406,97.08441459319188,192.33704777896503,322.69882460693026,54.95344222256144,2.137078308655167,19.233704777896502,16.18073576553198,185.31521905052665,47.01572279041368,4.579453518546787,4.579453518546787,0.0,0.0,0.6105938024729048,0.0,19.233704777896502,1.8317814074187144,0.0,3.9688597160738817,0.6105938024729048,0.9158907037093572,0.0,0.0,0.0,0.0,0.0,11.906579148221644,0.0,0.0,0.0,0.0,0.0,0.0,0.0,0.0,0.0,0.0,0.0,0.0,0.0,0.0,0.0,8.243016333384215,0.0,0.0,0.0,0.0,0
182.40309172178752,203.24814818747103,11.96201882071482,98.24427291806018,38.540350579166976,17.394474113554242,296.5908246360963,11.006472938586713,8.617608233266445,2.848942352270837,89.3258446848645,0.5131635292910204,233.25936700393896,89.99826586117688,320.81568227745515,2.7958564699303867,20.6504082304352,4.583081175392216,145.9330905538981,40.71687175512544,2.76046588170342,0.1415623529078676,0.5485541175179872,0.0,0.0,0.0,0.0,0.0,1.4864047055326106,0.7078117645393384,0.5839447057449542,0.7785929409932723,0.4954682351775369,0.3008199999292188,0.0,0.0,0.0,0.0353905882269669,7.025031763052934,0.0,0.1061717646809007,0.0176952941134834,0.0,0.0,0.0,0.0,0.0,0.0,0.0,0.0,0.6016399998584376,0.0,0.0,0.0,0.0,0.0,0.0,0.0,0.0,0
555.5348142617137,879.9701325368676,45.921224565988425,170.99122643270488,114.24304648123947,4.4801194698525295,5.973492626470039,18.29382116856449,0.0,5.973492626470039,375.95669217845807,0.0,69.06850849355983,182.93821168564492,5.600149337315662,61.60164271047228,17.17379130110136,13.06701512040321,12.693671831248832,188.91170431211495,134.77692738473024,5.226806048161284,275.9006906850849,0.0,0.0,0.0,0.0,0.0,0.0,0.7466865783087548,3.7334328915437744,0.0,3.7334328915437744,0.0,0.0,0.0,0.0,0.0,27.62740339742393,0.0,0.0,0.7466865783087548,0.0,0.0,0.0,0.0,0.0,0.0,0.0,0.0,0.0,0.0,0.0,0.0,0.0,0.0,0.0,0.0,0.0,0
8.809796493700995,103.07461897630164,6.166857545590696,105.71755792441196,110.12245617126244,7.928816844330896,624.6145714034005,70.47837194960796,95.14580213197075,0.0,44.04898246850498,0.0,362.963615540481,75.76424984582856,67.83543300149766,627.2575103515109,0.0,0.0,71.35935159897807,14.095674389921593,0.0,0.0,0.0,0.0,0.0,0.0,0.0,0.0,0.0,13.214694740551494,0.0,15.857633688661792,0.0,0.0,0.0,0.0,103.95559862567174,0.0,0.0,1.761959298740199,0.0,0.0,4.404898246850498,0.0,10.571755792441197,0.0,0.0,0.0,0.0,0.0,0.0,0.0,0.0,0.0,0.0,0.0,0.0,0.0,0.0,1
311.3628452994969,244.59703192734867,12.657026231686864,174.66696199727875,63.285131158434325,8.543492706388633,371.48371990000953,50.31167927095529,0.0,1.8985539347530296,182.26117773629088,8.859918362180807,245.86273455051736,173.40125937411003,373.6986994905547,11.707749264310351,0.0,21.51694459386767,73.41075214378382,131.94949846533558,39.86963262981363,0.9492769673765148,0.6328513115843433,0.0,0.0,1.8985539347530296,0.0,0.0,29.42758598867196,0.0,1.2657026231686863,0.0,0.6328513115843433,0.0,0.0,0.0,15.188431478024238,18.35268803594596,1.8985539347530296,0.0,0.0,0.0,0.0,0.0,0.0,0.0,0.0,0.0,0.0,0.0,0.0,0.0,0.0,0.0,0.0,0.0,0.0,0.0,0.0,0
584.820601494473,694.1270919533132,25.31958253566356,513.8022602359044,161.1807571172729,250.7256221824245,142.65423331068982,0.0,0.0,12.968566664608163,491.5704316680047,1.8526523806583093,263.0766380534799,220.4656332983388,278.51540789229915,28.40733650342741,0.0,9.880812696844316,438.4610634224665,293.9541777311184,188.3529920335948,0.0,0.0,0.0,0.0,0.0,0.0,7.410609522633237,13.586117458160937,1.2351015871055395,4.940406348422158,0.0,0.0,1.2351015871055395,0.0,0.0,0.0,0.0,5.557957141974928,0.0,0.0,1.2351015871055395,0.0,0.0,0.0,0.0,0.0,0.0,0.0,0.0,0.0,0.0,0.0,0.0,0.0,0.0,0.0,0.0,0.0,1
24.314528580948203,317.16157134266257,0.0,4.420823378354219,10.7269979033595,0.0,2.4704601231979457,5.526029222942773,0.2925544882734409,1.07269979033595,48.23898451086515,0.1625302712630227,19.53613860581533,4.6158597038698455,101.516407430884,3.4781478050286867,0.0650121085052091,0.0,0.4550847595364636,0.0975181627578136,0.8776634648203228,0.0,0.0,0.0,0.0,0.0,0.0,0.0,0.0975181627578136,0.0,3.7381962390495223,0.0,0.0,0.0,5.623547385700586,0.0,0.0,0.0,0.0650121085052091,0.0,0.0,2.3079298519349227,0.0,0.0,0.0650121085052091,0.0,0.0,0.0,0.0,0.0,0.0,0.0,0.0,0.0,0.0,0.0,0.0,0.0,0.0,1
15.85128611571439,131.85387996253334,33.14359824194827,125.36926291519563,34.58462425246776,33.14359824194827,1274.587506304489,12.248721089415664,311.9821312774696,4.32307803155847,143.38208804668926,0.0,768.7873766121479,154.18978312558542,208.2282585200663,44.67180632610419,0.0,0.7205130052597449,201.7436414727286,23.776929173571585,2.161539015779235,0.0,0.0,0.0,0.0,1.44102601051949,0.0,0.0,1.44102601051949,7.2051300525974495,0.0,2.88205202103898,2.161539015779235,0.0,1.44102601051949,0.0,15.130773110454644,18.73333813675337,5.043591036818215,2.88205202103898,5.76410404207796,0.0,0.0,0.0,0.0,0.0,0.0,0.0,0.0,0.0,0.0,0.0,0.0,0.0,0.0,0.0,0.0,0.0,0.0,1
85.34539353709242,88.9926325771391,18.236195200233425,150.2662484499234,43.76686848056021,122.5472317455686,1041.651469837333,0.0,0.0,5.835582464074696,341.3815741483697,1.458895616018674,1105.8428769421548,938.7993289080166,424.5386242614341,99.20490188926982,0.0,2.18834342402801,212.9987599387264,30.636807936392152,2.917791232037348,17.506747392224085,0.0,0.0,0.0,0.729447808009337,0.0,0.0,0.0,2.917791232037348,32.825151360420165,44.49631628856955,1.458895616018674,1.458895616018674,42.30797286454154,0.0,0.0,0.0,17.506747392224085,3.647239040046685,1.458895616018674,0.0,0.0,0.0,0.0,0.0,0.0,0.0,0.0,0.0,0.0,0.0,0.0,0.0,0.0,0.0,0.0,0.0,0.0,1
243.7643153070325,218.29195316386912,93.84192461923288,161.4319548604981,66.2602399583638,13.435467341038471,24.990886351078387,8.437290070822796,0.1375645120242847,0.6419677227799954,220.42420310024556,0.206346768036427,80.20011051015798,96.73077937174288,50.53203075025392,0.0,0.1604919306949988,15.63649953342703,15.567717277414886,0.8712419094871365,1.0317338401821354,0.0458548373414282,30.17248297065978,0.0,0.0,0.0,0.0,0.0,0.0687822560121423,0.2522016053778553,1.5132096322671318,1.7195564003035588,2.109322517705699,0.6419677227799954,0.3209838613899977,0.0,0.0,0.0,0.0,0.0,0.0,0.0,0.38976611740214,0.0,0.0,0.0,0.0,0.0,0.0229274186707141,0.0,0.0,0.0,0.0,0.0,0.0,0.0,0.0,0.0,0.0,1
419.7337509788567,20.88227616810232,44.37483685721744,239.1020621247716,32.88958496476116,7.830853563038371,37.06604019838162,1.5661707126076745,696.945967110415,0.0,111.72017749934744,0.0,76.22030801357349,34.455755677368835,2.6102845210127903,76.22030801357349,0.0,16.1837640302793,12.529365700861394,12.007308796658837,0.0,9.397024275646045,220.3080135734795,0.0,0.0,0.0,0.0,0.0,0.0,0.0,0.0,0.0,1.0441138084051165,0.0,2.0882276168102325,0.0,0.0,1.0441138084051165,7.830853563038371,0.0,0.0,0.0,0.0,0.0,0.0,0.0,0.0,0.0,0.0,0.0,0.0,0.0,0.0,0.0,0.0,0.0,0.0,0.0,0.0,1
52.2875816993464,677.2875816993464,7.352941176470589,190.359477124183,48.20261437908497,26.96078431372549,261.437908496732,218.1372549019608,0.0,0.0,102.12418300653594,0.0,401.1437908496732,73.52941176470588,241.01307189542484,9.803921568627452,0.0,0.0,194.44444444444449,0.0,0.0,0.0,0.0,0.0,0.0,0.0,0.0,51.47058823529412,3.2679738562091503,0.0,0.0,38.39869281045752,6.5359477124183005,4.901960784313726,1.6339869281045751,0.0,0.0,0.0,10.620915032679738,2.450980392156863,0.0,22.875816993464053,0.0,0.0,0.0,0.0,0.0,0.0,0.0,0.0,0.0,0.0,0.0,0.0,0.0,0.0,0.0,0.0,0.0,1
205.95114345114345,13.643451143451143,480.1195426195426,74.71413721413722,157.22453222453225,0.0,50.67567567567568,26.63721413721414,0.0,2.598752598752599,688.6694386694387,0.0,161.12266112266113,305.3534303534304,276.1174636174636,76.66320166320166,0.0,0.0,31.185031185031185,0.0,61.07068607068607,16.89189189189189,0.0,0.0,0.0,0.0,0.0,0.0,29.885654885654887,1.2993762993762994,10.395010395010395,22.73908523908524,5.197505197505198,1.2993762993762994,176.71517671517674,0.0,0.0,0.0,0.0,0.0,0.0,1.2993762993762994,0.0,0.0,0.0,0.0,0.0,0.0,0.0,0.0,0.0,0.0,0.0,0.0,0.0,0.0,0.6496881496881497,0.0,0.0,1
756.5682558534518,11.46130404713553,2.0772086226151814,154.6420725165749,141.44568832584318,0.8797589460487827,9.946163640051516,1.58845365258808,0.1710642395094855,4.545421221252044,388.926767399066,0.1221887425067753,29.34973595012745,106.10870399288372,14.344958370295428,5.083051688281856,0.0977509940054203,40.71328900325756,5.571806658308957,38.70939362614644,0.8797589460487827,0.0,0.0,0.0,0.0,28.298912764569177,0.0,0.0,2.492650347138217,0.2199397365121956,1.270762922070464,0.0,0.0488754970027101,0.0,1.319638419073174,0.0,0.0488754970027101,18.45050011852308,8.064457005447174,0.0,0.0,0.1710642395094855,0.0,0.0,0.0488754970027101,0.0,0.0,0.0,0.0,0.0,0.0,0.0,0.0,0.0,0.0,0.0,0.0,0.0,0.0,1
65.6934306569343,216.05839416058396,39.41605839416058,115.32846715328466,119.70802919708028,0.0,35.76642335766423,5.839416058394161,0.0,1.45985401459854,375.1824817518248,0.0,163.50364963503648,56.20437956204379,148.17518248175182,59.85401459854014,0.0,38.68613138686131,17.51824817518248,124.81751824817518,91.24087591240875,0.0,75.91240875912408,0.0,0.0,0.7299270072992701,0.0,0.0,1.45985401459854,1.45985401459854,0.0,3.64963503649635,1.45985401459854,0.0,6.56934306569343,0.0,0.0,0.0,10.21897810218978,0.0,0.0,0.0,0.0,0.0,0.0,0.0,0.0,0.0,0.0,0.0,0.0,0.0,0.0,0.0,0.0,0.0,0.0,0.0,0.0,1
339.1442155309033,678.2884310618067,145.80031695721078,250.39619651347067,12.678288431061809,61.2783940834654,42.26096143687269,0.0,0.0,13.734812466983623,611.7274167987322,15.847860538827256,46.48705758055996,323.2963549920761,31.695721077654515,87.69149498151083,0.0,52.826201796090864,21.130480718436345,84.52192287374538,303.2223983095615,7.39566825145272,92.97411516111993,0.0,1.056524035921817,14.79133650290544,0.0,0.0,2.113048071843634,0.0,0.0,0.0,7.39566825145272,0.0,2.113048071843634,0.0,0.0,0.0,0.0,0.0,0.0,0.0,0.0,0.0,0.0,0.0,0.0,0.0,0.0,0.0,0.0,0.0,0.0,0.0,0.0,0.0,0.0,0.0,0.0,1
47.52918151953589,13.280212483399731,165.65317676661772,239.74278325295307,125.11358076466064,38.44272034668344,298.4553016006151,16.076046690431255,0.0,5.5916684140630455,178.93338925001746,1.3979171035157614,316.62822394632,638.848116306703,603.900188718809,415.8803382959391,0.0,0.0,111.13440972950303,0.0,0.0,0.0,5.5916684140630455,0.0,0.0,0.0,0.0,0.0,49.62605717480953,4.892709862305165,13.280212483399731,64.30418676172502,9.78541972461033,0.0,265.6042496679947,0.0,0.0,0.0,6.989585517578807,0.0,13.280212483399731,0.0,0.0,0.0,0.0,0.0,0.0,0.0,0.0,0.0,0.0,0.0,0.0,0.0,0.0,0.0,0.0,0.0,0.0,1
1192.3863685821643,904.9311610497758,27.50656472602243,206.3862815360733,99.52269726820352,40.9116627254131,493.1161049775856,13.72426699937617,0.348184363620537,20.949092544502317,183.464144264388,1.0155377272265664,312.90168144032265,55.36131381566539,391.7944551640093,53.41728445211739,0.2901536363504475,7.485963817841547,76.97775972377373,144.6996184479682,23.328352362575984,5.30981154521319,4.410335272526803,0.0,0.0,0.0,0.0,103.9910632680004,3.8590433634609527,0.0580307272700895,0.232122909080358,0.1450768181752237,1.0155377272265664,0.4352304545256713,0.2031075454453133,0.0,0.0,55.91260572473124,12.882821453959872,0.0,0.0,0.0290153636350447,0.0,0.0,0.0,0.0,0.0,0.0,0.0,0.0,0.0,0.0,0.0,0.0,0.0,0.0,0.0,0.0,0.0,1
107.22851902365612,50.79245637962658,48.44095376945868,72.89658091520481,113.34242581009264,50.322155857593,742.1342237689884,0.0,0.0,4.703005220335794,229.97695527442036,0.9406010440671588,478.7659314301839,783.0503691859097,753.8917368198279,50.79245637962658,0.0,0.9406010440671588,79.48078822367492,5.173305742369374,47.97065324742511,6.584207308470112,7.524808352537271,0.0,0.0,0.0,0.0,0.0,0.9406010440671588,0.0,0.0,0.0,2.8218031322014765,0.0,37.62404176268635,0.0,0.0,0.0,0.0,0.0,4.232704698302215,3.7624041762686353,0.0,0.0,0.0,0.0,0.0,0.0,0.0,0.0,0.0,0.0,0.0,0.0,0.0,0.0,0.0,0.0,0.0,1
674.5941001600731,1413.979724064334,23.62984983611556,596.0820184465279,105.95319765226007,0.0,25.916609497675125,6.86027898467871,0.0,21.343090174555982,452.77841298879486,4.57351932311914,112.05122341641894,633.4324262520009,827.0447442640444,35.063648143913404,17.531824071956702,21.343090174555982,50.30871255431054,769.1134995045354,131.8698071499352,7.622532205198566,26.67886271819498,0.0,0.0,0.0,0.0,0.0,62.50476408262825,0.0,11.43379830779785,2.28675966155957,5.3357725436389964,0.0,0.7622532205198567,0.0,0.0,0.0,23.62984983611556,0.0,0.0,0.0,0.0,0.0,0.0,0.0,0.0,1.5245064410397131,0.0,0.0,0.0,0.0,0.0,0.0,0.0,0.0,0.0,0.0,0.0,1
205.61806848538816,313.2842224560835,117.38039342669796,487.33101270946327,47.76167732534607,79.33295555735448,26.714158504007123,152.9992714320408,942.2812272322512,0.0,369.9506192827653,0.0,48.57119728001295,147.3326317493726,10.523759410669472,264.7130251760706,0.0,16.999919048004532,55.856876872014894,0.0,0.0,0.0,314.9032623654173,0.0,0.0,0.0,0.0,0.0,0.0,0.0,0.0,0.0,3.23807981866753,0.0,0.0,0.0,0.0,0.0,0.0,0.0,0.0,0.0,0.0,0.0,0.0,0.0,0.0,0.0,0.0,0.0,0.0,0.0,0.0,0.0,0.0,0.0,0.0,0.0,0.0,1
560.9787041232443,249.8051653828727,170.9288627095605,84.31354780244676,2.138649750792932,0.8155867693701858,45.47349342999547,8.917082011780698,0.0,8.75396465790666,2310.629814227458,0.5437245129134572,123.06298142274582,215.60489352061623,239.2387856819212,521.6311735387404,0.1449932034435886,0.0,83.9148164929769,15.24241051200725,2.4830086089714545,6.071590394200272,2.174898051653829,0.0,0.0,2.5555052106932488,0.0,0.0,7.5396465790666065,1.5224286361576802,10.385138196647032,3.3710919800634347,2.646125962845492,1.486180335296783,11.073855913004078,0.0,0.0,0.0,19.71907566832805,0.0,3.2442229270502945,12.143180788400544,2.174898051653829,0.0,0.0,0.0,0.0,0.0,0.0,0.0,0.0362483008608971,0.0,0.0,0.0,0.0,0.0,0.0,0.0,0.0,1
192.69654145131872,343.6986382748401,38.636118610243855,142.26716567986148,9.54901792531084,0.7260773998508241,28.80107019408269,15.84168872401798,0.0220023454500249,18.790003014321325,412.80800533336856,1.0561125816011987,115.40230188538098,153.35634778667406,22.684418158975745,126.66750275579376,0.0880093818000998,24.11457061322737,14.741571451516732,44.86278237260092,19.7361038686724,3.102330708453521,9.19698039811044,0.0,0.0,0.0,0.0,0.0,1.4301524542516233,0.1100117272501248,0.7260773998508241,0.7260773998508241,0.9020961634510238,0.5280562908005993,1.892201708702148,0.0,0.0,0.0,2.2882439268025974,0.0,0.0,0.1980211090502247,0.0,0.0,0.0440046909000499,0.0,0.0,0.0,0.0,0.0,0.0,0.0,0.0,0.0,0.0,0.0,0.0,0.0,0.0,0
577.9934416632747,66.77246596204945,10.747622945946317,571.1561240870237,182.7553246468148,1.6007098004600897,37.22793650212894,6.105564524612056,0.365876525819449,13.125820363772736,529.9264130837445,0.1600709800460089,40.72663078027743,197.09311100236445,18.91124292829277,291.1691127036903,0.0228672828637155,0.0,5.533882453019167,63.52531179540184,1.7836480633698142,0.0914691314548622,82.68809483519549,7.248928667797834,0.0,0.0,0.0,0.0,0.0457345657274311,1.257700557504356,8.438027376711045,0.2058055457734401,1.6693116490512363,0.0,0.8689567488211916,0.0,0.0,0.0,0.0,0.0,0.0914691314548622,3.3614905809661884,0.0,0.0,0.0,0.0,0.0,4.299049178378526,0.0228672828637155,0.0,0.0,0.0,0.0,0.0,0.0,0.0,0.0,0.0,0.0,1
177.01068244018717,426.85618433830666,35.31385185839145,248.07980930519997,18.53977222565551,132.42694446896795,886.3776816456254,6.621347223448398,130.21982872781848,15.891233336276152,123.59848150437008,0.0,289.13216209058004,169.06506577204908,235.27853800653304,4.414231482298932,3.089962037609252,3.9728083340690383,72.39339630970248,45.0251611194491,25.16111944910391,4.855654630528825,0.0,0.0,0.0,1.3242694446896794,0.0,46.34943056413878,2.2071157411494657,0.0,0.0,3.531385185839145,1.3242694446896794,1.7656925929195726,0.4414231482298931,0.0,0.0,0.0,11.035578705747328,0.0,0.0,0.0,0.0,0.0,0.0,0.0,0.0,0.0,0.0,0.0,0.0,0.0,0.0,0.0,0.0,0.0,0.0,0.0,0.0,1
132.89187537069063,701.2500653324456,22.133496342519265,201.6784189320929,139.25468746094256,0.0,16.770554723592628,5.431114605607911,0.1590703022562986,12.589278207141348,572.8576070827189,6.521882392508243,38.13142388372415,346.4096696564309,7.362682561577251,61.78745026212514,7.362682561577251,25.45124836100778,13.18011075837903,1.295286746944146,8.498899006265098,2.590573493888292,46.94846349450185,0.0,0.0,0.0,0.4544865778751389,0.0,24.47410221857623,0.2272432889375694,6.930920312595869,0.2272432889375694,3.2268547029134864,0.1363459733625416,0.9089731557502778,0.0,0.0454486577875138,0.0,0.0,0.1363459733625416,0.0,17.088695328105224,0.0,0.0,0.0,0.0,0.0,0.0,0.0,0.0,0.0227243288937569,0.0,0.0,0.0,0.0,0.0,0.0454486577875138,0.0,0.0,1
10.570051136713696,11.34018236707535,3.388577413591276,5.679717823917196,2.117860883494548,0.9049041956749432,6.18030312365227,1.5980223030004312,0.115519684554248,0.7508779496026123,12.764925143244408,0.0,14.420707288521964,8.875762429918058,21.96799334606617,10.377518329123284,0.1540262460723307,0.2502926498675374,4.7170537859651285,3.4078306943503174,0.7123713880845296,0.0770131230361653,0.0,0.0192532807590413,0.0,0.0,0.0,6.103290000616105,0.4428254574579508,0.0,2.772472429301953,0.0962664037952067,0.2310393691084961,0.0962664037952067,0.847144353397819,0.0,0.4235721766989095,5.159879243423079,0.0385065615180826,0.057759842277124,0.0385065615180826,0.2117860883494547,0.0,0.0,0.0385065615180826,0.0,0.0,0.0,0.0,0.0,0.0385065615180826,0.0,0.0,0.0,0.0,0.0,0.0,0.0,0.0,1
658.2431716728455,390.9239695288763,45.05760125516181,267.6377711320747,95.94899710500432,28.45219275016625,21.742333438195622,56.346889771148,134.95378758616295,98.17898002174232,282.072928405602,0.8163330320201654,54.75404483062085,98.65683350390049,34.20634509782059,62.7381800950132,0.2787478645922516,5.017461562660529,11.86669480692728,108.33336651760293,5.774062909410926,3.7830067337519857,13.379897500428076,0.0,0.0,0.0,0.0,0.0,0.1991056175658939,0.1592844940527152,5.594867853601621,0.1991056175658939,1.0154386495860594,0.0597316852697682,0.0,0.0,0.0,0.0,14.514799520553671,2.4689096578170857,0.0597316852697682,0.0,0.0,0.0,0.1194633705395364,0.0,0.0,0.0,0.0,0.0,0.0,0.0,0.1592844940527152,0.0,0.0,0.0,0.0,0.0,0.0,1
12.172532415983063,40.22228102672665,3.7046837787774543,14.289494575284468,6.350886477904208,3.175443238952104,52.39481344270971,4.2339243186028055,0.0,0.0,21.698862132839377,0.0,73.03519449589838,37.04683778777454,20.111140513363324,6.880127017729558,0.0,1.0584810796507014,20.64038105318868,6.880127017729558,3.175443238952104,0.0,1.0584810796507014,0.0,0.0,0.0,0.0,2.646202699126753,1.0584810796507014,2.1169621593014027,0.0,1.587721619476052,0.0,0.0,1.0584810796507014,0.0,3.175443238952104,0.0,0.0,0.0,0.0,0.0,0.0,0.0,0.0,0.0,0.0,0.0,0.0,0.0,0.0,0.0,0.0,0.0,0.0,0.0,0.0,0.0,0.0,1
2778.9353568205984,1019.8285330806488,28.25107261078618,155.23009292189988,63.69058540545568,63.891660655354514,51.80201125518712,3.8455641543152006,0.0,5.529569372217936,223.7716187311649,3.4434136545175327,41.67284554153336,144.170954177464,80.20389030339743,34.98709348239712,0.0754032187120627,52.88279072339335,4.599596341435828,122.53023040710198,32.32284642123757,1.4326611555291924,41.773383166482766,0.0,0.0502688124747085,0.0,0.0,0.0,0.6534945621712106,0.0,0.3267472810856053,0.1508064374241255,0.5780913434591478,0.0,0.0,0.0,0.0,0.0,0.0,0.0,0.0,0.0251344062373542,0.0,0.0,0.0,0.0,0.0,0.0,0.0,0.0,0.0,0.0,0.0,0.0,0.0,0.0,0.0,0.0,0.0,1
382.2324657987518,9.264858573987654,27.15561995823968,119.98676448775144,43.38053238707028,32.42700500895679,186.1186860331116,2.1450657782138904,0.1369190922264185,14.62752301952238,130.09595746380202,0.1140992435220154,258.93682324886186,8.968200540830415,257.8186506623461,96.93871729630432,0.3194778818616433,0.0,92.39756740412813,8.64872265896877,6.709035519094509,5.088826261081889,21.86141505881816,0.0,0.022819848704403,0.0,0.0,0.0,19.990187465057108,0.7986947046541082,2.966580331572401,13.349611492075809,1.506110014490604,0.3194778818616433,7.096972947069361,0.0,0.0,0.0,5.043186563673083,0.0,0.0,1.0953527378113483,0.0,0.0,0.1140992435220154,0.0,0.0,0.0,0.0,0.0,0.0,0.0,0.0,0.0,0.0,0.0,0.0,0.0,0.0,1
42.399674414647656,288.0142742504753,56.126683972969055,122.34743360105216,72.08404516806964,66.54265604988629,568.463747588576,3.2420575338749025,50.723254749844216,1.4025922664281492,227.7487934257511,0.3678930534893506,546.3211844316857,279.62171396774954,202.91601231521997,0.0,0.8277593703510389,2.161371689249935,70.3595464798383,10.323998813544902,1.609532109015909,4.046823588382857,0.1609532109015909,0.0,0.0,0.0,0.0,4.667643116146136,1.56354547732974,1.333612318898896,0.0,0.8047660545079545,0.390886369332435,4.48369658940146,0.0,0.0,0.0,0.0,20.00418478348344,0.2069398425877597,3.517977323991915,0.0919732633723376,0.0,0.0,0.0919732633723376,0.0,0.0,0.0,0.0,0.0,0.0,0.0,0.0,0.0,0.0,0.0,0.0229933158430844,0.0,0.0,1
375.4156878298807,397.9670704050605,54.53519236049669,318.8465489011604,327.28742715928854,27.610824663636087,255.31114297627403,2.415311549765588,613.5908309688705,2.69497920289634,1368.2358564440513,0.0,639.2439820605913,377.6530290549267,380.0937649367952,266.04021112365376,0.6101839704670958,0.0,262.65877495398195,98.3667409057164,0.1271216605139783,0.0762729963083869,0.0,0.0,0.0,0.0,0.0,0.0,1.4746112619621483,0.1525459926167739,0.0,2.6441305386907485,1.0678219483174176,2.008522236120857,4.04246880434451,0.0,0.0,0.0,0.0,0.0508486642055913,0.1525459926167739,2.033946568223653,0.0762729963083869,0.0,0.5339109741587088,0.0,0.0,0.0,0.0,0.0,0.0,0.0,0.0,0.0,0.0,0.0,0.0,0.0,1.042397616214622,1
188.6170629424071,37.70908361434044,44.06159548350736,373.8906985852527,95.14438829609392,18.05450741763228,12.131864772694708,7.451066553308561,0.0,15.451410448687945,305.493728685651,1.7194768969173602,83.68120898331152,242.4940057124844,5.5882999149814205,64.26544902228633,0.2388162356829667,48.33640610223246,15.714108307939208,873.255447398336,139.1104572853281,0.1194081178414833,12.848313479743608,0.0,0.0,0.0,0.0,0.0,111.8615247939016,0.0,0.0,1.6478320262124702,0.0477632471365933,0.0,0.1194081178414833,0.0,0.0,0.0,15.546936942961132,0.0,0.0,0.0,0.0,0.0,0.0,0.0,0.0,0.0,0.0238816235682966,0.0,0.0,0.0,0.0,0.0,0.0,0.0,0.0,0.0,0.0,1
86.5118450746501,144.72002045512656,7.7151401287338945,93.60443787311152,26.302624704012093,13.42923526730626,109.21258879637143,67.96882816581993,0.0,5.847498137916467,55.29554322813024,0.2890398319122208,136.89371116027257,61.632185696975085,55.65128455971452,4.3355974786833125,26.013584872099877,3.868686980978956,19.521305570686916,9.115871621846964,33.23958066990539,0.0667014996720509,0.9115871621846964,0.0,0.0,0.0,0.0,0.0,0.2890398319122208,0.1334029993441019,0.0667014996720509,0.3112736651362378,0.2668059986882038,0.0,0.0,0.0,0.0,0.0,1.2895623269929852,0.0,0.0,0.0,0.0667014996720509,0.0,0.0667014996720509,0.0,0.0,0.0444676664480339,0.0,0.0,0.0,0.0,0.0,0.0,0.0,0.0,0.0,0.0,0.0,1
446.60344672284816,875.6318328546799,29.18004696458384,101.2398901506344,57.6688221776736,66.88577886426145,1403.2397602753356,157.42143068115405,204.28127638092005,3.1840395826394428,401.8802591640639,0.1675810306652338,954.8976603593356,304.9136852953929,308.99847291785807,43.06832488096509,0.1466334018320796,5.111221435289632,208.61743554938295,1.3197006164887164,0.188528659498388,5.676807413784796,0.0,0.0,0.0,0.0,0.0,0.0,0.9426432974919404,5.823440815616876,0.0,103.60697220878082,1.3825435029881792,1.2149624723229453,1.5710721624865671,0.0,0.0,0.0,7.247879576271363,1.6129674201528756,9.677804520917254,0.0,0.0,0.0,0.0,0.0,0.0,0.0,0.0,0.0,0.0209476288331542,0.0,0.0,0.0,0.0,0.0,0.0,0.0,0.0,1
49.1180200842665,11.253234539056484,17.788688354842463,197.14604901181892,35.740763055079576,0.0,177.43757109858936,31.49271807481869,0.1021164658716559,5.044553414059803,62.679086752022414,0.0612698795229935,286.2324538382516,80.34523534781889,170.02391567630713,203.43642330951292,0.1633863453946495,0.0,871.4210731623631,5.943178313730376,0.8577783133219099,0.1021164658716559,0.0,0.0,0.0,2.3691020082224177,0.0,0.0,0.2859261044406366,2.859261044406366,2.3691020082224177,5.003706827711141,0.4697357430096173,0.2859261044406366,44.89039839717995,0.0,0.0,0.0,0.8577783133219099,3.61492289185662,32.411766267663594,11.580007229845783,33.75970361716945,0.0,0.0408465863486623,0.0,0.0,0.0,0.0,0.0,0.0,0.0,0.0,0.0408465863486623,0.0,0.0,0.0,0.0,0.0,1
34.83413933186902,97.54027843869918,24.590183148809285,88.8200228320671,17.534277402582788,14.393110060408867,1063.4257946098503,1.1486358191531507,0.0,9.470385121181078,130.545977078855,0.867337251197277,2184.3537048193475,345.012693597879,146.72064473631775,158.37109375915685,0.3750647572744982,2.625453300921487,244.44845555365416,37.225177159493946,20.722327839416025,10.759670224312163,0.0,0.0,0.0,0.0,0.0,0.0,4.594543276612603,42.35887602468864,1.1486358191531507,38.91296856722919,3.070842700184954,2.2035054489876766,10.243956183059732,0.0,0.0,0.0,8.298307754698271,0.0,0.0468830946593122,0.3281816626151859,0.0,0.0,0.0468830946593122,0.0,0.0,0.0,0.0,0.0468830946593122,0.0,0.0,0.0,0.0,0.0,0.0,0.0,0.0,0.0,1
83.31837924720166,12.850866275737912,45.94281171551346,357.1807592044812,176.30385159371968,0.5788678502584645,42.546786993997145,1.4471696256461613,0.1350691650603084,0.6174590402756954,176.90201503898675,0.1157735700516929,160.55864606668945,279.0335994195885,117.1628528923132,64.85249482395665,0.0964779750430774,0.0,5.402766602412336,0.4437986851981561,1.4085784356289304,4.939672322205563,23.13541841532997,0.0,0.0,0.0,0.0192955950086154,0.0,3.743345431671404,0.8490061803790813,1.7751947407926243,56.42031980519168,1.080553320482467,0.0,8.354992638730504,0.0,0.0,0.0,8.818086918937276,0.0,0.0385911900172309,0.0771823800344619,0.0,0.0,0.0578867850258464,0.0,0.0,0.0,0.0,0.0,0.0385911900172309,0.0,0.0,0.0385911900172309,0.0,0.0,0.0,0.0,0.0,1
137.62881433154556,293.463198470959,197.7468953170284,225.42389863864688,94.56309468219656,0.0378101138273476,633.3950268357283,826.4345629812519,35.37136148548375,3.894441724216811,411.9033800351256,0.113430341482043,548.1143150981457,429.5985133063243,580.4986775912689,444.8548942356591,0.3024809106187814,0.0,196.5747817883806,1.0964933009930826,1.0208730733383873,0.0,0.0,0.0,0.0,0.0,0.0,0.0,13.365875237967405,3.74320126890742,3.781011382734768,7.82669356226097,4.990935025209894,0.0,46.79001586134275,0.0,0.0,0.0,15.65338712452194,0.0189050569136738,0.0945252845683692,28.074009516805653,0.0,0.0,0.0,0.0,0.0,0.0,0.0,0.0,0.0,0.0,0.0,0.0,0.0,0.0,0.0,0.0,0.0,1
723.449775949984,432.57699119251663,52.27437509657329,130.5551923739793,39.4851009710815,0.3803501598659266,42.43281471004244,9.342350801706822,0.0,1.73534760438829,151.54576682158012,9.033316296815755,194.43024734646332,72.19521471955119,120.14310674764955,91.14140705787266,0.3565782748743061,1.9968383392961149,40.03185432588877,5.277358468139732,23.248903521804763,6.37086517775427,35.77668691238872,0.0,0.0,0.0,0.2139469649245837,0.0,0.1426313099497224,0.1426313099497224,0.4992095848240286,2.472276039128523,0.7131565497486123,0.0475437699832408,5.562621088039176,0.0,0.0,0.0,0.4516658148407878,0.0713156549748612,0.0,0.0,0.0,0.0,0.2852626198994449,0.0,0.0,0.0,0.0,0.0,0.2377188499162041,0.0,0.0,0.0,0.0,0.0,0.0,0.0,0.0,1
